# File produced by Open Asset Import Library (http://www.assimp.sf.net)
# (assimp v3.1.151580502)

mtllib Low_Velas_Nuevo.mtl

# 1532 vertex positions
v  4.81007 0.00528327 1.29316
v  4.77963 0.00325528 1.32519
v  4.79667 0.019315 1.30483
v  4.90132 0.0453274 1.59384
v  4.90587 0.0605612 1.57695
v  4.85785 0.0594521 1.56496
v  5.04181 0.153944 1.38756
v  5.04996 0.139669 1.41689
v  5.0569 0.0682509 1.39764
v  4.76972 0.143669 1.43816
v  4.7703 0.114562 1.46181
v  4.78534 0.196387 1.46153
v  4.8176 0.163036 1.32539
v  4.82204 0.0505194 1.30139
v  4.79839 0.060695 1.32203
v  4.97691 0.333599 1.40535
v  4.94641 0.324202 1.39548
v  4.95351 0.33439 1.4281
v  4.79323 0.274677 1.38703
v  4.77756 0.228993 1.42206
v  4.78927 0.276451 1.40813
v  4.87049 0.23226 1.3139
v  4.84441 0.181647 1.31211
v  4.84544 0.284251 1.33391
v  4.86943 0.296774 1.35417
v  4.87493 0.312251 1.32531
v  4.83889 0.310711 1.34324
v  4.99488 0.16349 1.3284
v  5.00155 0.235579 1.35147
v  5.01306 0.0773197 1.32464
v  4.96165 0.367732 1.52362
v  4.93422 0.351236 1.53239
v  4.94793 0.303439 1.53735
v  5.0355 0.228502 1.41877
v  5.04069 0.130273 1.48258
v  5.02271 0.21035 1.48819
v  5.03109 0.129272 1.50103
v  4.90851 0.00259891 1.59356
v  4.9934 0.00169709 1.57672
v  4.99034 0.0114527 1.58291
v  5.06974 0.00292462 1.47551
v  5.07004 0.00370422 1.42735
v  5.07917 0.0170707 1.46578
v  5.05118 0.00321847 1.52872
v  5.06545 0.0148516 1.5112
v  5.04587 0.0171112 1.54248
v  4.95831 0.332269 1.3722
v  4.96875 0.249399 1.33039
v  4.98105 0.194597 1.32551
v  4.95981 0.261467 1.32301
v  4.80206 0.00330731 1.5442
v  4.8463 0.00438911 1.5778
v  4.82727 0.014487 1.55809
v  4.81619 0.181811 1.51173
v  4.80265 0.180003 1.49829
v  4.80076 0.0515732 1.52978
v  4.92143 0.318247 1.42631
v  4.93392 0.326136 1.45408
v  4.97351 0.344691 1.46291
v  5.01828 0.134283 1.517
v  5.00523 0.210013 1.51131
v  4.94802 0.367299 1.51924
v  4.97584 0.37981 1.49405
v  4.93626 0.358295 1.51654
v  4.82458 0.312557 1.4831
v  4.85249 0.320168 1.50798
v  4.84236 0.298911 1.46636
v  4.83461 0.297001 1.43925
v  4.80361 0.308851 1.3988
v  4.80751 0.309396 1.44954
v  4.98065 0.141864 1.544
v  4.98384 0.214874 1.52738
v  4.95863 0.198691 1.54202
v  4.99864 0.0375033 1.57555
v  4.97018 0.0679741 1.56172
v  4.96089 0.0493636 1.58508
v  4.85713 0.112424 1.29516
v  4.86446 0.174712 1.30352
v  4.88141 0.0951058 1.2864
v  4.99656 0.0658286 1.54833
v  5.03489 0.0355602 1.54576
v  5.05742 0.0302953 1.52384
v  5.0714 0.0473293 1.48162
v  5.0459 0.0665736 1.49706
v  4.95487 0.121235 1.29811
v  4.9158 0.107549 1.28739
v  4.92726 0.182335 1.30156
v  4.95745 0.063142 1.286
v  4.97883 0.0418844 1.27808
v  4.9083 0.0697956 1.27901
v  4.99634 0.061579 1.30301
v  5.02894 0.0654835 1.33364
v  5.03353 0.0509652 1.31644
v  5.00209 0.00107729 1.28932
v  5.01165 0.0172134 1.28591
v  5.04014 0.00234014 1.31919
v  4.87377 0.0652241 1.56818
v  4.8934 0.177571 1.5505
v  4.8775 0.209608 1.5408
v  4.84299 0.265519 1.51204
v  4.82792 0.138715 1.53178
v  5.06599 0.0305521 1.39971
v  5.05644 0.0510902 1.37987
v  5.07859 0.0430867 1.43908
v  5.05163 0.0285754 1.33265
v  5.05996 0.0148159 1.37312
v  4.73693 0.0167117 1.43768
v  4.75214 0.00234297 1.4756
v  4.75391 0.0112466 1.49674
v  5.05953 0.0728522 1.42696
v  5.05615 0.0746477 1.46015
v  4.81482 0.308755 1.37156
v  4.78572 0.209383 1.38389
v  4.80979 0.273688 1.35523
v  4.78284 0.131683 1.36
v  4.80702 0.231161 1.35508
v  4.78925 0.11402 1.3439
v  4.75714 0.0372315 1.38431
v  4.763 0.0287064 1.34492
v  4.76246 0.0035612 1.3614
v  4.98149 0.348507 1.43316
v  4.99775 0.366351 1.43227
v  4.99328 0.350806 1.40684
v  4.98118 0.363673 1.48046
v  4.95365 0.358842 1.50342
v  4.83801 0.0369058 1.56776
v  4.91714 0.0187134 1.59906
v  4.99764 0.372171 1.3932
v  4.97385 0.34527 1.37046
v  4.98512 0.343163 1.38903
v  4.90021 0.0662557 1.57244
v  4.90447 0.154451 1.55592
v  4.95356 0.258092 1.53501
v  4.90409 0.308992 1.33966
v  4.9334 0.318776 1.34345
v  4.89721 0.314184 1.32484
v  4.89139 0.183067 1.30057
v  4.98642 0.37231 1.51306
v  4.98001 0.329632 1.51484
v  5.01535 0.354017 1.48239
v  5.00094 0.336883 1.49674
v  4.9518 0.321295 1.32679
v  4.90888 0.307899 1.31982
v  4.9353 0.323833 1.32469
v  4.96591 0.334974 1.32999
v  4.78154 0.0506268 1.50678
v  4.76179 0.0332443 1.50665
v  4.76191 0.0561402 1.46198
v  4.74346 0.0394689 1.44728
v  5.02438 0.382926 1.45176
v  5.00906 0.384551 1.46575
v  4.99779 0.384971 1.49261
v  5.00551 0.387029 1.44573
v  5.01484 0.390639 1.44337
v  5.00448 0.377469 1.38754
v  4.75786 0.0607741 1.43325
v  4.77852 0.209791 1.39939
v  4.9122 0.0159834 1.26882
v  4.90516 0.0328152 1.26855
v  4.96309 0.0155567 1.27315
v  4.85633 0.0298693 1.26778
v  4.86259 0.00407493 1.27082
v  4.74 0.0216074 1.41675
v  4.75053 0.00330797 1.40204
v  5.00489 0.375653 1.49299
v  5.01989 0.370623 1.47184
v  5.03174 0.225509 1.46039
v  5.05065 0.140425 1.43534
v  5.03655 0.220272 1.43941
v  5.00859 0.0472354 1.29227
v  5.03996 0.0250888 1.31111
v  4.88269 0.306871 1.43486
v  4.87029 0.299743 1.46211
v  4.90062 0.319706 1.46259
v  4.83306 0.298451 1.40081
v  5.02109 0.331174 1.47001
v  5.01739 0.256536 1.48733
v  5.02606 0.301902 1.46784
v  5.02659 0.355316 1.44947
v  4.81213 0.0333024 1.54658
v  4.77857 0.0254491 1.53237
v  4.77387 0.00143072 1.52098
v  5.04704 0.131509 1.46509
v  5.07686 0.0485031 1.46299
v  4.95576 0.00475115 1.26784
v  4.97927 0.00642094 1.27639
v  4.8249 0.0540064 1.55
v  4.85235 0.193825 1.53451
v  4.85606 0.12632 1.54937
v  4.95336 0.339673 1.33091
v  4.98906 0.367435 1.36275
v  4.98161 0.34881 1.33986
v  4.97668 0.323044 1.33736
v  4.98722 0.312234 1.35058
v  4.83033 0.0178716 1.27363
v  4.83179 0.00182432 1.27962
v  4.79405 0.255163 1.45202
v  4.80039 0.287448 1.46433
v  4.83748 0.313218 1.50636
v  5.00155 0.368835 1.36596
v  5.01014 0.359214 1.36692
v  5.02525 0.382222 1.42337
v  5.01619 0.00396299 1.56513
v  4.79068 0.0388408 1.31394
v  4.8358 0.0482711 1.28425
v  4.87049 0.0595095 1.28177
v  4.90992 0.284261 1.5402
v  4.88699 0.278832 1.5307
v  4.91611 0.234883 1.54318
v  4.84635 0.292715 1.51088
v  4.88385 0.307139 1.5329
v  5.03016 0.338393 1.42022
v  5.01799 0.333642 1.39428
v  4.76646 0.0587444 1.37447
v  4.78333 0.0642651 1.34185
v  4.88858 0.33342 1.52167
v  4.86602 0.315016 1.49852
v  4.88207 0.31213 1.48509
v  4.86384 0.301255 1.47564
v  5.01504 0.0207281 1.57069
v  4.93967 0.229136 1.30613
v  4.95639 0.19112 1.3005
v  4.92226 0.237981 1.3135
v  4.76471 0.162443 1.42569
v  4.77471 0.165418 1.40478
v  4.76727 0.13478 1.41851
v  4.75882 0.0594411 1.40319
v  4.74251 0.0381954 1.42083
v  4.87609 0.0160284 1.59699
v  4.86555 0.00310937 1.5896
v  5.02984 0.0769181 1.34275
v  5.0236 0.164672 1.35901
v  5.04197 0.07253 1.35947
v  4.93024 0.268336 1.31128
v  4.88872 0.275337 1.31941
v  4.88126 0.299078 1.31541
v  4.86498 0.286818 1.32558
v  4.84003 0.303125 1.33556
v  4.8686 0.0364336 1.59206
v  5.0332 0.313638 1.44589
v  5.04958 0.0028275 1.33261
v  4.85394 0.295985 1.37113
v  4.94888 0.0685321 1.56862
v  4.94021 0.0527641 1.58639
v  4.92015 0.152244 1.55666
v  4.92426 0.0735442 1.5712
v  4.94433 0.163798 1.552
v  4.80513 0.269737 1.46949
v  4.8222 0.285863 1.49092
v  4.79164 0.189218 1.47838
v  4.81753 0.256928 1.49237
v  5.02316 0.243313 1.38239
v  5.01061 0.243161 1.36329
v  5.00537 0.331862 1.37223
v  4.85099 0.297974 1.41447
v  4.90493 0.30697 1.36907
v  4.87593 0.294943 1.36365
v  5.01947 0.373312 1.393
v  4.74219 0.0032998 1.42841
v  4.99855 0.127762 1.53592
v  5.02566 0.0604482 1.52766
v  4.99045 0.0760056 1.30692
v  4.91508 0.348989 1.52983
v  4.83042 0.231295 1.33172
v  4.81361 0.303334 1.36066
v  4.98764 0.339985 1.34166
v  4.91012 0.326112 1.53333
v  4.87907 0.326232 1.52562
v  5.04422 0.0440751 1.32329
v  5.0202 0.0343144 1.29324
v  5.03131 0.290568 1.44407
v  5.02628 0.319857 1.41792
v  5.02713 0.263664 1.47865
v  4.81918 0.303777 1.48914
v  4.7685 0.0924583 1.37725
v  4.90835 0.049046 1.27071
v  4.99298 0.386875 1.48551
v  5.00037 0.381092 1.46231
v  5.03083 0.231102 1.39914
v  4.76644 0.12273 1.40775
v  4.77195 0.153998 1.3912
v  4.76014 0.123641 1.38789
v  4.96775 0.195705 1.30779
v  4.95566 0.166301 1.30643
v  4.9777 0.359569 1.36368
v  4.82526 0.265797 1.34346
v  4.81428 0.267887 1.35283
v  4.98335 0.0265789 1.5873
v  4.92642 0.0363836 1.59858
v  4.97405 0.176067 1.31743
v  4.98494 0.3529 1.45774
v  4.78145 0.143898 1.47605
v  4.77333 0.0580462 1.48986
v  4.92711 0.23191 1.54912
v  4.93517 0.189952 1.56279
v  4.94413 0.235089 1.5453
v  5.08081 0.02669 1.44222
v  5.07743 0.0280441 1.48198
v  4.93377 0.324781 1.33385
v  4.76277 0.0908407 1.40429
v  4.9147 0.184891 1.56441
v  4.91996 0.171852 1.5647
v  5.08172 0.0335086 1.45978
v  4.97643 0.38131 1.50661
v  5.03676 0.184065 1.39206
v  5.029 0.198823 1.37279
v  4.76108 0.111003 1.38064
v  4.76842 0.131423 1.37319
v  4.95562 0.30497 1.3232
v  4.94881 0.278103 1.31824
v  5.02687 0.247615 1.46898
v  4.7729 0.0204323 1.32317
v  4.78345 0.216617 1.43522
v  4.7753 0.17219 1.44164
v  4.94741 0.3395 1.34247
v  4.99123 0.0289978 1.27701
v  4.74849 0.0261226 1.48433
v  4.77509 0.200605 1.42372
v  4.77377 0.180234 1.40364
v  4.84044 0.0850348 1.29235
v  4.95215 0.347289 1.48967
v  4.89237 0.321427 1.50564
v  4.92578 0.33862 1.50894
v  4.77217 0.0117518 1.5262
v  4.85521 0.296594 1.45738
v  5.04054 0.247874 1.4389
v  5.03292 0.260818 1.41977
v  4.77961 0.165137 1.37535
v  4.89832 0.0288598 1.59972
v  4.92004 0.30906 1.3969
v  4.91663 0.327455 1.49502
v  4.92145 0.328045 1.47405
v  5.06556 0.00444129 1.37929
v  4.86637 0.288491 1.52166
v  4.81739 0.219272 1.34014
v  4.78897 0.272564 1.43073
v  4.79611 0.307302 1.4164
v  5.0488 0.0710456 1.37344
v  5.05092 0.0472993 1.34308
v  4.9145 0.290977 1.31128
v  4.93655 0.298794 1.31776
v  4.80618 0.309517 1.46453
v  4.7932 0.29946 1.43938
v  4.76099 0.0201738 1.51235
v  5.03211 0.149194 1.36717
v  5.01684 0.0739093 1.52959
v  5.04407 0.0803853 1.48949
v  4.90865 0.264355 1.31738
v  5.03944 0.16857 1.37218
v  5.03199 0.075051 1.51147
v  4.79964 0.305185 1.39205
v  4.85486 0.0236402 1.58721
v  4.91309 0.340779 1.53404
v  4.90928 0.00466093 1.26598
v  4.79315 0.185006 1.49081
v  4.79038 0.141169 1.49255
v  4.78448 0.153771 1.48644
v  4.98304 0.248574 1.33861
v  4.84929 0.169982 1.3055
v  4.8135 0.238182 1.34019
v  5.07014 0.009633 1.88707
v  5.04425 0.00789312 1.88697
v  5.04731 0.00805473 1.7811
v  4.61438 0.233327 1.74485
v  4.62781 0.390152 1.74157
v  4.6136 0.263027 1.72288
v  4.68847 0.54931 1.67477
v  4.68788 0.28245 1.64896
v  4.66149 0.260179 1.66669
v  4.72612 0.528328 1.952
v  4.69798 0.519017 1.92556
v  4.69219 0.247265 1.95109
v  4.9824 0.64374 1.81867
v  4.9897 0.533534 1.8368
v  4.97105 0.519456 1.78724
v  4.8726 0.202345 2.03371
v  4.90276 0.189721 2.03093
v  4.88707 0.46267 2.01309
v  4.99878 0.481872 1.88548
v  4.98992 0.655614 1.86002
v  4.85826 0.332676 1.65675
v  4.83288 0.253503 1.63971
v  4.81324 0.525418 1.6557
v  4.78857 0.649509 1.77356
v  4.8511 0.66398 1.81793
v  4.83766 0.648219 1.7682
v  4.98958 0.00822964 1.6674
v  4.96778 0.018083 1.62291
v  5.05083 0.0197899 1.72826
v  4.89608 0.0081408 1.60697
v  4.63453 0.00771993 1.67669
v  4.75726 0.00776461 1.57718
v  4.66607 0.582097 1.70036
v  4.63728 0.282765 1.69853
v  4.63379 0.384542 1.72301
v  4.7103 0.650483 1.83805
v  4.71313 0.648763 1.75787
v  4.68006 0.657217 1.78669
v  5.05778 0.0176963 1.79956
v  4.96161 0.479713 1.97261
v  4.95311 0.290704 1.99924
v  4.97999 0.262683 1.97647
v  4.94176 0.741615 1.91907
v  4.94877 0.71688 1.8727
v  4.91471 0.734993 1.94422
v  4.93522 0.513424 1.991
v  4.653 0.530023 1.85259
v  4.62276 0.241336 1.8392
v  4.65149 0.341412 1.88628
v  4.58105 0.0173668 1.94301
v  4.56419 0.0258858 1.88089
v  4.57932 0.00800094 1.84176
v  4.6585 0.0350628 2.01784
v  4.59948 0.0284928 1.97628
v  4.64504 0.0082005 1.99476
v  4.79463 0.0079664 2.06375
v  4.86289 0.011469 2.07234
v  4.78468 0.0244583 2.09202
v  4.64435 0.0423853 1.63178
v  4.68621 0.0643767 1.62647
v  4.75271 0.0368651 1.56178
v  4.88879 0.252133 1.66793
v  4.97488 0.0817231 1.68009
v  4.9706 0.166915 1.72316
v  5.01746 0.0805136 1.74183
v  4.84581 0.168534 1.63176
v  4.88875 0.172009 1.65264
v  4.87415 0.0873835 1.61702
v  4.93234 0.581611 1.72746
v  4.96222 0.634645 1.77339
v  4.90689 0.671002 1.80669
v  4.92021 0.677814 1.86154
v  4.93582 0.692526 1.79734
v  5.02077 0.0704434 1.98498
v  4.95438 0.09926 2.02326
v  4.97589 0.0550354 2.04075
v  4.92384 0.0741903 2.05112
v  4.83487 0.067845 2.06545
v  4.89069 0.0424877 2.08712
v  5.01348 0.113385 1.94144
v  5.03366 0.0333953 2.01442
v  5.06438 0.0363777 1.95538
v  5.00359 0.16386 1.77753
v  4.98648 0.17018 1.74856
v  4.5657 0.0414089 1.90053
v  4.58151 0.0654854 1.85779
v  4.56605 0.0379775 1.83281
v  4.65202 0.0595894 1.99185
v  4.61119 0.067736 1.93638
v  4.61214 0.0462684 1.98208
v  4.84 0.044236 2.08523
v  4.63465 0.518022 1.77495
v  4.60731 0.182681 1.77033
v  4.64069 0.663922 1.83254
v  4.68824 0.674333 1.87798
v  4.66057 0.67315 1.83241
v  4.75158 0.526444 1.97166
v  4.7183 0.249955 1.97339
v  4.75396 0.259982 1.99634
v  4.73103 0.045786 2.08353
v  4.76298 0.0699914 2.05809
v  4.6967 0.0583027 2.0333
v  4.84482 0.528801 2.00864
v  4.8005 0.536388 1.99678
v  4.81198 0.258398 2.02094
v  4.91883 0.697042 1.90963
v  4.68474 0.0143558 1.60958
v  4.5745 0.0130058 1.73671
v  4.58547 0.0645557 1.75868
v  4.60804 0.0645096 1.70467
v  4.56567 0.0349894 1.73874
v  4.63783 0.0658326 1.66378
v  4.77657 0.376099 1.63621
v  4.74875 0.380762 1.62124
v  4.75938 0.496994 1.64406
v  4.72491 0.0639704 1.60664
v  4.77604 0.0645753 1.59215
v  4.83765 0.679657 1.93773
v  4.79065 0.691166 1.97749
v  4.86753 0.716094 1.97123
v  4.81071 0.660366 1.88167
v  4.88487 0.039502 1.59181
v  4.83795 0.061936 1.59294
v  4.9134 0.0671281 1.61979
v  4.96948 0.0282204 1.61352
v  4.8846 0.0201648 1.59363
v  4.79147 0.665502 2.00308
v  4.73322 0.65758 1.9721
v  4.75541 0.629269 1.98117
v  4.67509 0.624174 1.8941
v  4.70513 0.63143 1.9334
v  4.6792 0.654673 1.92564
v  4.76288 0.656445 1.91732
v  4.80088 0.669852 1.94178
v  5.03765 0.0985121 1.85815
v  5.02343 0.11158 1.91612
v  5.05237 0.0668722 1.92341
v  5.01874 0.207313 1.8947
v  4.99815 0.435592 1.91324
v  4.71168 0.498272 1.65337
v  4.70872 0.626817 1.66585
v  4.73498 0.542031 1.64841
v  4.76915 0.612294 1.64723
v  4.7513 0.649434 1.65405
v  4.80431 0.646934 1.64901
v  4.84774 0.584141 1.66866
v  4.82439 0.620006 1.65459
v  4.92983 0.673293 1.71514
v  4.94637 0.630786 1.73971
v  4.64669 0.0732653 1.96959
v  4.65231 0.16734 1.92474
v  4.62445 0.0810516 1.93467
v  4.69129 0.0807473 2.00836
v  4.74587 0.172275 2.00693
v  4.69197 0.172901 1.96848
v  5.05768 0.0322916 1.79813
v  5.05576 0.0651002 1.86481
v  5.0812 0.0363505 1.87053
v  5.08335 0.0225881 1.88817
v  4.86025 0.673295 2.01082
v  4.84476 0.6896 2.01215
v  4.78289 0.550255 1.99956
v  4.86171 0.719106 1.99349
v  4.76232 0.680479 1.98461
v  4.96578 0.040469 1.6109
v  4.99018 0.0517597 1.65483
v  5.05561 0.0378277 1.72796
v  4.91671 0.729242 2.0021
v  4.94584 0.676146 1.97359
v  4.92633 0.716762 1.99978
v  4.91907 0.6828 1.99283
v  4.6341 0.168465 1.89392
v  4.61386 0.166594 1.84619
v  4.60533 0.089189 1.88945
v  4.57773 0.0631495 1.80231
v  4.85059 0.675534 1.68986
v  4.90087 0.671612 1.77776
v  4.7868 0.652677 1.71546
v  4.84608 0.651849 1.74677
v  5.04459 0.0169457 1.99341
v  5.02975 0.00593036 1.98871
v  4.94861 0.010607 2.04998
v  4.97866 0.00784051 2.00141
v  4.64091 0.648373 1.85158
v  4.65643 0.619101 1.85787
v  4.67139 0.513866 1.89029
v  4.95131 0.693988 1.7555
v  4.95647 0.697052 1.80659
v  4.97724 0.692053 1.81254
v  4.88478 0.101792 2.04598
v  4.82444 0.0960214 2.05156
v  4.74076 0.0871622 2.03362
v  4.5986 0.0926134 1.75608
v  4.62506 0.229558 1.71231
v  4.61559 0.0931899 1.71112
v  5.01198 0.301634 1.8728
v  5.02082 0.15727 1.82415
v  5.03094 0.0966882 1.79673
v  4.68159 0.581956 1.68004
v  4.67671 0.634269 1.6899
v  4.66086 0.246076 1.91224
v  4.67603 0.351785 1.92092
v  4.60104 0.00816151 1.93205
v  4.96384 0.694322 1.95774
v  4.97613 0.716967 1.94586
v  4.98107 0.598117 1.92969
v  4.98156 0.504734 1.94315
v  5.00183 0.114221 1.96318
v  4.81785 0.0903729 1.6047
v  4.81197 0.170526 1.62257
v  4.79141 0.253367 1.62882
v  4.60256 0.146945 1.80722
v  4.592 0.0953126 1.79465
v  4.59475 0.0973129 1.84154
v  4.93027 0.0387504 2.07721
v  5.01206 0.0180659 2.02572
v  4.97251 0.735356 1.94125
v  4.90969 0.742028 1.98868
v  4.8236 0.695853 2.0066
v  4.95249 0.0704093 1.64504
v  4.92008 0.0963344 1.64246
v  4.87632 0.606762 1.67915
v  4.84503 0.654855 1.65785
v  4.88901 0.661546 1.68042
v  4.89469 0.686802 1.71441
v  4.93116 0.115532 2.02618
v  4.91941 0.445999 2.00476
v  4.63908 0.619338 1.81481
v  4.63295 0.634301 1.78913
v  4.83253 0.667661 1.66251
v  4.76528 0.657079 1.66616
v  4.88933 0.675658 1.68832
v  4.61352 0.038527 1.65605
v  4.63171 0.0102299 1.64341
v  4.70388 0.68237 1.93202
v  4.7031 0.672022 1.94864
v  4.6726 0.667673 1.90771
v  4.93354 0.168909 1.68361
v  4.91897 0.417713 1.70564
v  4.94675 0.487872 1.74424
v  4.9469 0.2508 1.71757
v  4.7365 0.182435 1.62222
v  4.71639 0.100591 1.62102
v  4.72343 0.32581 1.63689
v  4.70815 0.360788 1.64522
v  4.98842 0.7084 1.8643
v  4.95906 0.745275 1.92719
v  4.75625 0.680521 1.95244
v  4.84187 0.254321 2.02782
v  4.84183 0.174464 2.03706
v  4.80367 0.187884 2.02742
v  4.70391 0.00821167 2.0391
v  4.72685 0.0197523 2.07896
v  4.98969 0.671881 1.81939
v  5.00006 0.690018 1.86536
v  4.77455 0.173147 1.61812
v  4.76634 0.088207 1.60523
v  4.69555 0.654667 1.70014
v  4.65526 0.65528 1.72723
v  4.65479 0.662286 1.78242
v  4.97832 0.250949 1.75957
v  4.99481 0.294112 1.79932
v  4.75421 0.0242732 1.55889
v  4.83534 0.0193197 1.57054
v  4.65371 0.618059 1.71118
v  4.65012 0.587898 1.72876
v  4.64276 0.594148 1.75491
v  4.63802 0.582344 1.80457
v  4.75384 0.642027 1.79762
v  4.7649 0.647342 1.73864
v  4.83835 0.0284474 2.08759
v  4.80314 0.662362 1.82436
v  4.9878 0.676039 1.91636
v  4.8169 0.592624 1.65993
v  4.75964 0.65102 1.844
v  4.6466 0.100356 1.66969
v  5.04145 0.0594817 1.77225
v  4.8603 0.517213 1.67477
v  4.86402 0.439141 1.66967
v  4.92356 0.483778 1.72087
v  4.73929 0.613143 1.96245
v  4.7733 0.544403 1.98402
v  4.77232 0.455796 1.98981
v  4.63269 0.479084 1.79631
v  4.61158 0.22127 1.7962
v  4.78112 0.0867762 2.04725
v  4.78211 0.0448797 2.09385
v  4.75495 0.313857 1.63155
v  5.02534 0.00818837 1.71758
v  4.58779 0.0632684 1.897
v  4.58497 0.0449583 1.95211
v  4.72985 0.429509 1.63234
v  4.73635 0.359968 1.62096
v  4.8892 0.465684 1.67123
v  4.9142 0.4421 1.69204
v  4.8913 0.411164 1.68363
v  5.03109 0.113993 1.88662
v  5.02204 0.184875 1.86471
v  4.71459 0.41914 1.64754
v  4.7239 0.0339256 2.08491
v  4.96817 0.67844 1.75927
v  5.00609 0.254077 1.82334
v  5.01387 0.259813 1.85945
v  5.0018 0.420631 1.83282
v  4.62001 0.0214558 1.63942
v  4.75916 0.569536 1.64855
v  4.64402 0.495017 1.83722
v  4.91919 0.246505 1.69037
v  5.079 0.0405228 1.90307
v  4.74267 0.649336 1.70476
v  4.90018 0.565996 1.69612
v  4.94733 0.52132 1.72984
v  4.95422 0.515319 1.75944
v  4.62682 0.5215 1.81392
v  4.9457 0.700418 1.8408
v  4.57136 0.0303845 1.93219
v  4.89951 0.48504 1.67919
v  4.9583 0.609021 1.96982
v  4.90754 0.66311 1.99408
v  4.63896 0.625317 1.74534
v  4.64061 0.652711 1.76788
v  4.91822 0.552984 1.70648
v  4.97661 0.643859 1.93147
v  4.97105 0.588697 1.94894
v  4.96459 0.528156 1.98133
v  4.83019 0.0355279 1.56684
v  4.8083 0.046978 1.57117
v  4.89385 0.52962 1.68983
v  4.97613 0.53134 1.96794
v  4.99162 0.248328 1.78445
v  4.89838 0.740499 1.9731
v  4.87117 0.0224016 2.08596
v  4.89297 0.697704 1.93959
v  4.64047 0.249467 1.87816
v  4.89579 0.684512 1.91533
v  4.71549 0.650677 1.66943
v  4.87881 0.659022 2.00195
v  4.87779 0.525744 1.67805
v  4.84582 0.625885 2.00525
v  4.77888 0.164051 2.0245
v  4.79271 0.443186 2.0013
v  4.77849 0.264352 2.00873
v  4.76906 0.198907 2.02587
v  4.90482 0.527966 1.70733
v  4.99113 0.618881 1.88485
v  4.98878 0.596384 1.90913
v  4.6825 0.101761 1.63914
v  4.77953 0.651534 1.90237
v  4.99388 0.636705 1.91589
v  4.97237 0.651889 1.94574
v  4.75354 0.0120796 1.565
v  5.01891 0.279661 1.84296
v  5.01349 0.354463 1.83217
v  4.99914 0.468243 1.83554
v  4.56065 0.0217758 1.78088
v  4.96341 0.120974 2.00433
v  4.97551 0.664199 1.77546
v  4.63448 0.539457 1.82902
v  4.72282 0.373943 1.6274
v  4.93521 0.698295 1.76428
v  4.77998 0.470178 2.00045
v  4.56368 0.0428754 1.77233
v  4.56975 0.016826 1.82777
v  4.52754 0.00718451 1.92869
v  4.51374 0.00457504 1.93525
v  4.49392 0.00596523 1.85316
v  4.2722 0.00418538 1.89376
v  4.27963 0.00653523 1.95922
v  4.26058 0.00661612 1.90032
v  4.33593 0.133349 2.00717
v  4.35567 0.129764 2.01907
v  4.35088 0.33114 2.00579
v  4.3987 0.354675 1.82488
v  4.41502 0.129587 1.81684
v  4.39707 0.133257 1.81457
v  4.30838 0.193102 1.96178
v  4.31169 0.327844 1.94942
v  4.29868 0.137346 1.9335
v  4.30752 0.327427 1.9112
v  4.30735 0.256668 1.88507
v  4.29819 0.136567 1.90838
v  4.42513 0.268025 2.01472
v  4.39844 0.241729 2.0209
v  4.41099 0.132614 2.02348
v  4.42494 0.487309 1.95788
v  4.39857 0.506759 1.99871
v  4.44057 0.495004 1.97901
v  4.4219 0.349853 1.82982
v  4.48069 0.136215 1.96553
v  4.48575 0.138886 1.94574
v  4.4756 0.315447 1.9516
v  4.46173 0.287019 1.85428
v  4.46636 0.321426 1.87196
v  4.47364 0.202437 1.87069
v  4.47383 0.329326 1.89107
v  4.47779 0.326655 1.913
v  4.48454 0.13922 1.89362
v  4.46024 0.499653 1.95541
v  4.44166 0.488047 1.94787
v  4.30901 0.489213 1.92224
v  4.33232 0.502151 1.98194
v  4.33262 0.485898 1.95092
v  4.32655 0.213845 1.99288
v  4.34036 0.333202 1.99792
v  4.32796 0.319629 1.9848
v  4.34089 0.378666 1.84247
v  4.35165 0.314573 1.83238
v  4.33336 0.322085 1.84781
v  4.4339 0.475743 1.86225
v  4.45043 0.482268 1.85061
v  4.41041 0.476323 1.82719
v  4.40906 0.0271925 2.04396
v  4.37446 0.0386367 2.03653
v  4.36712 0.0255745 2.04837
v  4.42942 0.131239 2.01859
v  4.44635 0.132376 2.01056
v  4.50183 0.00646806 1.97216
v  4.53073 0.0141205 1.94667
v  4.5038 0.0171213 1.97935
v  4.40972 0.00522771 2.04092
v  4.40833 0.0150231 2.0461
v  4.35877 0.0127916 2.04918
v  4.30441 0.0600065 1.9839
v  4.28046 0.0345742 1.96976
v  4.29841 0.0282676 2.00594
v  4.34371 0.0404098 2.02511
v  4.32994 0.0491372 2.01425
v  4.3171 0.0277834 2.01999
v  4.30905 0.0110659 1.81623
v  4.30816 0.00435191 1.83065
v  4.28863 0.00985086 1.8525
v  4.33623 0.177363 1.83493
v  4.33119 0.250359 1.8439
v  4.2664 0.0307252 1.92838
v  4.28172 0.0438554 1.9459
v  4.28034 0.0369821 1.90195
v  4.30544 0.0454453 1.84789
v  4.30608 0.0258092 1.81721
v  4.28854 0.0243939 1.85501
v  4.34356 0.465505 1.87591
v  4.37536 0.462465 1.90196
v  4.37983 0.463934 1.8768
v  4.33445 0.475414 1.92297
v  4.32184 0.480319 1.86596
v  4.4562 0.0061405 1.81572
v  4.456 0.0178306 1.8066
v  4.47583 0.0165216 1.83127
v  4.50953 0.0125179 1.8641
v  4.53129 0.0256979 1.92319
v  4.50777 0.0375323 1.91198
v  4.50482 0.0366625 1.96176
v  4.50976 0.0280396 1.87332
v  4.48178 0.40846 1.92095
v  4.48352 0.460834 1.91232
v  4.48045 0.458607 1.95438
v  4.46864 0.338462 1.96866
v  4.44321 0.447175 1.84085
v  4.44045 0.36897 1.84153
v  4.42185 0.439915 1.82604
v  4.47212 0.391318 1.89095
v  4.47096 0.43576 1.8802
v  4.4771 0.381134 1.92026
v  4.44563 0.0659848 2.0184
v  4.42749 0.0537206 2.03066
v  4.4406 0.0363752 2.04593
v  4.52624 0.0245082 1.94809
v  4.32563 0.0406591 1.81551
v  4.43158 0.0225728 1.79524
v  4.42842 0.0337897 1.80577
v  4.44423 0.0392873 1.81727
v  4.38764 0.00958523 1.78999
v  4.36172 0.00524691 1.80242
v  4.34152 0.00983343 1.7981
v  4.34361 0.0330225 1.79799
v  4.39039 0.0278898 1.78835
v  4.34318 0.0213281 1.79332
v  4.47757 0.392727 1.94607
v  4.46936 0.440395 1.97201
v  4.42471 0.399556 2.011
v  4.4433 0.475221 2.00577
v  4.41124 0.45534 2.01884
v  4.42902 0.478999 2.02003
v  4.40205 0.483706 2.02599
v  4.32882 0.440277 1.98804
v  4.33771 0.394166 1.99511
v  4.33995 0.432646 1.99892
v  4.45376 0.386203 1.85446
v  4.43617 0.345618 1.83703
v  4.45678 0.320479 1.85586
v  4.37616 0.442167 1.82008
v  4.36142 0.397511 1.82631
v  4.34996 0.439569 1.83063
v  4.40116 0.446098 1.82355
v  4.42761 0.391808 1.82976
v  4.2976 0.0144208 2.00576
v  4.28357 0.0146979 1.97531
v  4.35901 0.00410235 2.03968
v  4.35721 0.389218 1.8319
v  4.34169 0.44031 1.83994
v  4.30464 0.485667 1.90411
v  4.31344 0.478967 1.87036
v  4.30042 0.464247 1.90123
v  4.42142 0.0057565 1.80034
v  4.33178 0.474889 2.00006
v  4.31196 0.470517 1.96134
v  4.32294 0.401334 1.97514
v  4.3035 0.447666 1.92032
v  4.31458 0.394163 1.9545
v  4.44604 0.132814 1.83161
v  4.43035 0.131108 1.82244
v  4.45884 0.0368276 1.82564
v  4.35056 0.444475 2.00774
v  4.35391 0.395466 2.00709
v  4.36352 0.468117 2.01503
v  4.37704 0.334701 2.01484
v  4.37271 0.127833 2.02392
v  4.38792 0.130682 2.02509
v  4.44652 0.480619 1.91425
v  4.46908 0.494379 1.88275
v  4.47331 0.458207 1.87101
v  4.32362 0.455928 1.85744
v  4.31689 0.393045 1.87671
v  4.30792 0.43215 1.89034
v  4.31074 0.378758 1.89806
v  4.30292 0.386824 1.92087
v  4.30285 0.394241 1.89444
v  4.46112 0.458091 1.98724
v  4.45444 0.492566 2.0012
v  4.47476 0.503463 1.9487
v  4.44528 0.517905 1.99272
v  4.4667 0.514602 1.9744
v  4.48304 0.0360493 1.84821
v  4.50567 0.019686 1.85223
v  4.3138 0.241662 1.96956
v  4.29906 0.412393 1.91039
v  4.30854 0.417499 1.93709
v  4.30262 0.144922 1.88417
v  4.31092 0.140821 1.86311
v  4.28717 0.0367467 1.87888
v  4.45818 0.269556 1.99232
v  4.46194 0.13376 1.99763
v  4.47315 0.131309 1.98283
v  4.4791 0.0694807 1.98775
v  4.46399 0.0677568 2.00525
v  4.46145 0.0451786 2.03209
v  4.37739 0.464658 2.02522
v  4.38696 0.495351 2.02535
v  4.36157 0.478843 2.01919
v  4.37127 0.489133 1.98882
v  4.38777 0.479957 1.96211
v  4.34393 0.025206 2.04302
v  4.32807 0.00468853 2.02745
v  4.33231 0.0135406 2.03799
v  4.4854 0.0570614 1.86334
v  4.49713 0.0507516 1.89236
v  4.50053 0.0490131 1.92213
v  4.4921 0.0645244 1.96209
v  4.42004 0.474233 1.87828
v  4.39628 0.464798 1.89664
v  4.35701 0.487567 1.9783
v  4.37226 0.470102 1.93737
v  4.31609 0.0586314 1.99996
v  4.37737 0.304164 1.82373
v  4.378 0.213606 1.81863
v  4.37 0.377169 1.8255
v  4.34974 0.509707 1.99889
v  4.37271 0.517927 2.00865
v  4.488 0.134405 1.91995
v  4.32849 0.37926 1.85594
v  4.32155 0.324811 1.86347
v  4.44503 0.0114625 2.04448
v  4.43785 0.00443065 2.0347
v  4.47401 0.00512266 2.01326
v  4.45654 0.445692 1.85477
v  4.46406 0.391115 1.87079
v  4.48083 0.489363 1.87722
v  4.30373 0.131034 1.95836
v  4.28719 0.0561174 1.93479
v  4.31358 0.13376 1.98112
v  4.53208 0.0173135 1.9147
v  4.39346 0.0392871 1.8016
v  4.35691 0.127637 1.82081
v  4.36075 0.296607 1.82767
v  4.44457 0.407372 2.00062
v  4.46241 0.303836 1.98314
v  4.30167 0.483605 1.93521
v  4.30921 0.497173 1.95307
v  4.29204 0.0758113 1.89266
v  4.2859 0.0509304 1.90802
v  4.44323 0.0668968 1.82191
v  4.46824 0.0531043 1.83856
v  4.47675 0.134885 1.86889
v  4.46268 0.133867 1.84703
v  4.40561 0.516277 2.00289
v  4.42977 0.504515 1.99155
v  4.29766 0.0715364 1.87146
v  4.31161 0.0949035 1.85331
v  4.31977 0.0561686 1.83603
v  4.45296 0.210431 1.84204
v  4.4631 0.192886 1.85218
v  4.47973 0.0410243 2.02013
v  4.47229 0.0129097 2.02548
v  4.40962 0.476628 1.94188
v  4.42471 0.0150182 1.79001
v  4.43785 0.515941 2.01947
v  4.43086 0.523504 2.0144
v  4.3991 0.52208 2.02336
v  4.47418 0.510473 1.97805
v  4.49191 0.0383282 2.00399
v  4.3988 0.470332 1.81846
v  4.44008 0.476506 1.83285
v  4.42463 0.460171 1.82456
v  4.30095 0.00539783 2.00149
v  4.40695 0.399872 2.01549
v  4.37265 0.390313 2.01475
v  4.39757 0.3826 2.01627
v  4.38291 0.401994 2.02347
v  4.48383 0.0254748 2.01904
v  4.45663 0.0267349 2.04143
v  4.48407 0.497322 1.94691
v  4.48684 0.497695 1.92122
v  4.47693 0.499678 1.91325
v  4.35423 0.0706754 2.0239
v  4.39911 0.0671052 2.03038
v  4.41985 0.0487455 1.81067
v  4.42707 0.523982 2.0069
v  4.38124 0.522676 2.01882
v  4.35098 0.5138 2.0132
v  4.46403 0.458651 1.85497
v  4.45161 0.467562 1.83886
v  4.48339 0.480668 1.8815
v  4.26706 0.0134618 1.95116
v  4.26078 0.0290083 1.89097
v  4.30376 0.431161 1.91308
v  4.35741 0.059305 1.81369
v  4.37392 0.131143 1.81654
v  4.32408 0.134551 1.84388
v  4.33662 0.146952 1.83367
v  4.32277 0.482652 1.99136
v  4.34587 0.502333 2.01496
v  4.31436 0.495509 1.97743
v  4.25289 0.0178437 1.89804
v  4.46241 0.402626 1.9806
v  4.4543 0.35833 1.99072
v  4.39135 0.0514168 1.80748
v  4.3226 0.503116 1.98149
v  4.26546 0.0264115 1.94609
v  4.48427 0.356979 1.95022
v  4.32487 0.130439 1.99676
v  4.3957 0.471426 1.8536
v  4.35316 0.472114 1.84682
v  4.44634 0.259369 2.00399
v  4.2625 0.0101906 1.88277
v  4.26472 0.019151 1.87517
v  4.33735 0.474965 1.8437
v  4.37312 0.0527135 2.03083
v  4.48169 0.38755 1.92871
v  4.48719 0.337172 1.92611
v  4.48757 0.333811 1.94474
v  4.29421 0.0571846 1.96387
v  4.43124 0.0242647 2.04834
v  4.47915 0.306672 1.9304
v  4.42628 0.498852 2.02029
v  4.46659 0.504726 1.9945
v  4.48113 0.494468 1.9713
v  4.42135 0.0646911 2.02754
v  4.34423 0.0436977 1.80815
v  4.49036 0.487835 1.92
v  4.31757 0.321208 1.96632
v  4.49349 0.0137663 2.00283
v  4.33881 0.0620794 1.82267
v  4.35146 0.47136 1.93777
v  4.32081 0.197663 1.84652
v  4.32044 0.166368 1.83733
v  4.32026 0.254593 1.85602
v  4.30423 0.480494 1.95726
v  4.37889 0.473053 1.8202
v  4.35453 0.474731 1.82894
v  4.31498 0.46587 1.86584
v  4.30407 0.450253 1.89283
v  4.38294 0.0180055 1.7852
v  4.31077 0.161625 1.84771
v  4.31525 0.188357 1.86014
v  4.4273 0.468576 1.91906
v  4.38577 0.438073 2.02216
v  4.39944 0.437335 2.02106
v  4.39872 0.407659 2.02345
v  4.48657 0.365651 1.93706
v  4.36413 0.332483 2.01147
v  4.40029 0.457602 1.81829
v  4.35568 0.454125 1.8256
v  4.37997 0.513861 2.02854
v  4.42238 0.312949 2.01194
v  4.44905 0.315236 2.00316
v  4.43986 0.360079 2.00325
v  4.41024 0.513356 2.02739
v  4.3306 0.464033 1.84521
v  4.43404 0.279036 2.0151
v  4.44823 0.269715 2.00881
v  4.45838 0.285113 1.99581
v  4.30913 0.378731 1.93062
v  4.30832 0.325208 1.93188
v  4.49234 0.0397563 1.86509
v  4.39895 0.327099 2.01634
v  4.30736 0.213419 1.97842
v  4.31657 0.187174 1.97998
v  4.31529 0.217088 1.9887
v  4.31753 0.250999 1.98391
v  4.31285 0.323992 1.88349
v  4.43248 0.363942 1.82873
v  4.47221 0.21294 1.84912
v  4.46502 0.239729 1.85144
v  4.42204 0.466696 1.90227
v  4.439 0.476886 1.89423
v  4.31903 0.297954 1.97931
v  4.36356 0.320332 1.82045
v  4.35916 0.348804 1.82768
v  4.3287 0.449105 1.99669
v  4.33759 0.450515 2.0059
v  5.05165 0.00717717 3.10166
v  5.09711 0.0071941 3.07807
v  5.08797 0.0199355 3.09721
v  4.9019 0.334427 2.83984
v  4.90238 0.168694 2.82725
v  4.87751 0.162132 2.85635
v  5.07678 0.096798 2.80565
v  5.04695 0.101547 2.79299
v  5.05137 0.297089 2.80276
v  5.13586 0.334583 2.90702
v  5.13045 0.325126 2.88789
v  5.10892 0.630264 2.88991
v  5.01835 0.330773 3.0933
v  4.99586 0.254134 3.09901
v  5.04393 0.173359 3.096
v  5.0368 0.532115 2.81227
v  5.02661 0.24988 2.79396
v  5.00636 0.535196 2.80719
v  5.12351 0.0831417 3.04702
v  5.10846 0.468541 3.0231
v  5.10382 0.381094 3.03941
v  4.86823 0.382764 2.97321
v  4.88391 0.431959 3.00772
v  4.89057 0.577113 2.99667
v  5.05018 0.625352 3.02871
v  5.02046 0.627663 2.98205
v  4.98755 0.622423 3.00166
v  5.11571 0.620417 2.90817
v  5.12636 0.55461 2.94686
v  4.98149 0.637739 2.94435
v  5.03751 0.642742 2.90407
v  4.86765 0.00705263 2.85021
v  4.84375 0.00641167 2.89578
v  4.84369 0.0181338 2.86361
v  4.85159 0.112865 2.90598
v  4.8458 0.10397 2.94002
v  4.85373 0.184062 2.92907
v  4.8359 0.00726631 2.94837
v  4.83986 0.0243788 3.02311
v  4.82827 0.0287764 2.93657
v  5.00748 0.00715813 3.10855
v  5.03071 0.0215815 3.11413
v  4.94443 0.0238706 3.11892
v  5.10177 0.227884 3.05752
v  5.132 0.00721398 3.0426
v  5.16152 0.0197704 3.01548
v  5.12656 0.0197054 3.06771
v  4.90013 0.61903 2.8725
v  4.88265 0.357936 2.8688
v  4.88863 0.609164 2.89697
v  4.97228 0.686003 2.82163
v  4.93585 0.679786 2.83401
v  4.91767 0.676673 2.86048
v  4.90437 0.0188679 2.79139
v  5.05136 0.0071854 2.78986
v  5.0369 0.0174319 2.77292
v  5.10021 0.0175897 2.79992
v  5.10885 0.654395 2.91264
v  5.06945 0.631209 2.96854
v  5.06466 0.643444 2.83293
v  5.08684 0.312325 2.82445
v  5.06135 0.552154 2.82425
v  5.1647 0.0190064 2.90674
v  5.15614 0.0077734 2.89771
v  5.13345 0.00728428 2.84903
v  4.90701 0.00717467 3.07903
v  4.94985 0.00713924 3.10023
v  4.90518 0.0193287 3.10254
v  4.93101 0.373427 3.07211
v  4.96542 0.348383 3.08892
v  4.95686 0.464342 3.07955
v  4.95601 0.622688 3.00374
v  4.95257 0.63539 3.03522
v  5.03347 0.625215 3.05987
v  5.06468 0.46134 3.06942
v  5.08398 0.349169 3.06249
v  5.08598 0.482788 3.05082
v  4.98716 0.635065 3.06934
v  4.86296 0.346096 2.95592
v  4.85557 0.190865 2.97019
v  4.93304 0.672741 2.86402
v  4.94728 0.649644 2.8889
v  4.98078 0.654994 2.86413
v  4.85689 0.0179824 3.05252
v  4.87035 0.00721711 3.04355
v  4.88559 0.305251 3.03117
v  4.86038 0.0715152 3.01874
v  4.88071 0.0711871 3.04967
v  5.09134 0.643301 2.85809
v  5.10132 0.43486 2.84944
v  5.09727 0.00719264 2.81282
v  4.94252 0.201715 3.08939
v  4.96171 0.172727 3.09734
v  4.86243 0.0440921 3.05743
v  4.90147 0.0458424 3.09824
v  5.00137 0.0071874 2.78173
v  4.94689 0.0186177 2.7732
v  4.95921 0.119997 2.79298
v  4.92909 0.0834044 2.8031
v  4.95669 0.351224 2.80408
v  5.15977 0.0499313 3.01576
v  5.12238 0.0429741 3.06771
v  5.13936 0.182335 3.00299
v  5.14501 0.198668 2.97802
v  5.11476 0.595951 2.98812
v  4.83725 0.0437884 3.01176
v  4.83237 0.049651 2.94707
v  5.14577 0.0867144 2.8824
v  5.16258 0.0556998 2.91262
v  5.13098 0.0501086 2.84198
v  5.15816 0.0908851 2.95652
v  5.15073 0.0909588 2.99407
v  5.17044 0.0559595 2.9804
v  4.8397 0.0325942 2.86655
v  4.87929 0.0729586 2.8429
v  4.9001 0.0438637 2.80142
v  4.85266 0.0715057 2.90273
v  4.83091 0.0401756 2.89949
v  5.03657 0.0738646 3.10195
v  4.99579 0.0764519 3.10563
v  5.05394 0.0420332 3.11049
v  5.0974 0.0746794 3.07278
v  4.99583 0.685064 2.82517
v  4.99474 0.648688 2.872
v  5.0671 0.672369 2.84948
v  4.99032 0.0493735 3.11266
v  4.93929 0.0411298 3.11789
v  4.95452 0.0736167 3.09892
v  4.91368 0.0745177 3.07937
v  4.91841 0.639956 2.96261
v  4.9176 0.649029 3.00367
v  4.90852 0.0732934 2.81469
v  4.92316 0.0419533 2.78273
v  4.94718 0.0688411 2.79176
v  5.10766 0.647915 2.96445
v  5.10066 0.638528 2.995
v  4.93399 0.67063 2.82732
v  4.93143 0.634891 2.83605
v  4.88422 0.649836 2.87343
v  4.95867 0.569976 2.81595
v  4.93199 0.360895 2.81717
v  4.92273 0.488422 2.83182
v  4.93519 0.591833 3.06014
v  4.97173 0.610154 3.08231
v  4.91823 0.62461 3.05444
v  4.91572 0.36239 3.06108
v  4.92335 0.521374 3.05357
v  4.9101 0.541505 3.03674
v  5.09158 0.661003 2.87914
v  5.11513 0.390577 2.86548
v  4.89753 0.618073 3.02865
v  4.90028 0.596044 3.01462
v  4.88289 0.601029 2.98282
v  5.04085 0.0665909 2.78523
v  5.0845 0.0611511 2.80394
v  5.09604 0.0431005 2.80237
v  5.11438 0.0584921 2.82473
v  5.12403 0.626772 2.97804
v  5.10165 0.624535 3.02701
v  5.10772 0.597161 3.00675
v  5.13162 0.473698 2.94067
v  4.95275 0.00719118 2.78961
v  4.87709 0.621303 2.95401
v  4.87508 0.656093 2.90203
v  4.87733 0.615438 2.92078
v  4.97936 0.572527 3.07751
v  4.98395 0.59391 3.08157
v  5.01049 0.422948 3.08848
v  4.98172 0.488058 3.08391
v  5.17005 0.0550508 2.94848
v  5.15715 0.0836213 2.92342
v  5.14877 0.176895 2.93096
v  5.14919 0.185237 2.95378
v  4.88922 0.667472 2.87544
v  4.88216 0.644555 2.94442
v  4.89211 0.673799 2.89767
v  5.02891 0.541625 3.08296
v  5.00655 0.576655 3.08887
v  5.04197 0.526057 3.07953
v  5.04448 0.579214 3.08056
v  5.1585 0.0070405 2.9924
v  5.17173 0.0176486 2.9556
v  4.84802 0.0747389 2.98453
v  4.87245 0.336314 3.0028
v  4.95766 0.639051 2.82173
v  5.02497 0.56956 2.80442
v  4.99265 0.596442 2.80725
v  5.02925 0.620046 3.07582
v  5.0711 0.62715 3.05349
v  5.08902 0.633952 3.03075
v  4.89877 0.220461 3.05635
v  5.05273 0.0395495 2.78064
v  5.00518 0.105335 2.78574
v  4.89055 0.647201 2.94625
v  4.92011 0.641166 2.936
v  4.90526 0.673233 2.89895
v  5.09315 0.583389 3.03236
v  5.07627 0.594843 3.05856
v  4.98573 0.0682846 2.78317
v  5.02383 0.0470774 2.77429
v  4.95575 0.0440135 2.77365
v  5.06948 0.561032 3.05833
v  4.88556 0.64113 3.00347
v  4.87281 0.476028 2.93768
v  4.88072 0.55774 2.96552
v  4.87251 0.553024 2.94088
v  5.0687 0.671408 2.8377
v  5.11362 0.652419 2.89373
v  5.09486 0.655283 2.85879
v  4.84332 0.00707519 2.99219
v  5.1388 0.0904401 3.02144
v  5.13772 0.0181002 2.84848
v  4.98726 0.577149 2.8106
v  4.98936 0.238459 2.79174
v  4.89863 0.650832 3.0034
v  4.96334 0.628165 3.07522
v  4.91554 0.644251 3.0343
v  5.07121 0.0717291 3.09019
v  5.0578 0.425967 3.07518
v  4.86179 0.0692592 2.87086
v  4.86441 0.202816 2.88813
v  4.87683 0.439873 2.89628
v  5.03015 0.601463 2.81213
v  5.00366 0.644778 2.80986
v  5.12245 0.615477 2.93285
v  5.12405 0.601892 2.96046
v  5.10023 0.0439123 3.08895
v  5.04218 0.560739 2.80905
v  4.82991 0.0213299 2.89652
v  5.01262 0.596608 3.08351
v  4.94185 0.639141 3.04856
v  5.12019 0.64788 2.95597
v  5.12642 0.633147 2.94726
v  4.9066 0.193234 3.06685
v  4.8702 0.39761 2.90791
v  4.87014 0.473824 2.92192
v  4.95864 0.674875 2.81453
v  5.01438 0.670977 2.80969
v  5.03816 0.67652 2.81819
v  5.12451 0.0885821 2.84558
v  5.12272 0.200427 2.85671
v  5.09794 0.17749 2.82571
v  4.8938 0.359149 2.85141
v  4.88349 0.0277527 3.08572
v  5.00134 0.454999 3.08664
v  5.0358 0.413994 3.08483
v  4.91297 0.627814 2.85451
v  4.91111 0.490381 2.84377
v  5.16513 0.00708479 2.94237
v  5.02425 0.441337 3.09676
v  5.14134 0.187114 2.89661
v  5.11199 0.302908 2.85058
v  5.04525 0.44719 3.09378
v  4.92253 0.331356 2.82054
v  4.92906 0.570756 3.05908
v  4.92267 0.5441 3.06618
v  4.94805 0.53372 3.0695
v  5.03092 0.683044 2.82926
v  4.86657 0.394985 2.93489
v  4.94572 0.63807 2.92636
v  5.14601 0.0400037 2.8764
v  4.90615 0.00720569 2.81237
v  4.997 0.622324 3.08247
v  4.869 0.426016 2.94478
v  4.8583 0.42633 2.92295
v  4.92597 0.182482 3.08134
v  4.93679 0.302208 3.08116
v  4.91491 0.252243 3.07807
v  4.92481 0.326093 3.0756
v  4.86616 0.237814 2.99854
v  5.11277 0.335513 2.84331
v  5.12093 0.324823 2.86759
v  5.08234 0.235397 3.07338
v  5.0966 0.089706 2.81776
v  4.84488 0.0758862 2.94941
v  4.90537 0.212265 3.08154
v  4.91837 0.210506 3.08849
v  5.05537 0.660354 2.82435
v  5.03034 0.643191 2.81437
v  4.9005 0.35037 3.04684
v  5.01672 0.165306 3.1017
v  4.98654 0.615452 2.8112
v  4.90543 0.400256 2.83368
v  4.90425 0.355552 2.82516
v  4.98286 0.625901 2.95964
v  4.98286 0.611081 2.95964
v  4.98112 0.611081 2.96985
v  4.98112 0.625901 2.96985
v  4.98471 0.611081 2.97956
v  4.98471 0.625901 2.97956
v  4.99268 0.611081 2.98617
v  4.99268 0.625901 2.98617
v  5.00289 0.611081 2.98791
v  5.00289 0.625901 2.98791
v  5.0126 0.611081 2.98432
v  5.0126 0.625901 2.98432
v  5.01921 0.611081 2.97635
v  5.01921 0.625901 2.97635
v  5.02095 0.611081 2.96614
v  5.02095 0.625901 2.96614
v  5.01735 0.611081 2.95643
v  5.01735 0.625901 2.95643
v  5.00938 0.611081 2.94982
v  5.00938 0.625901 2.94982
v  4.99918 0.611081 2.94808
v  4.99918 0.625901 2.94808
v  4.98947 0.611081 2.95168
v  4.98947 0.625901 2.95168
v  4.97841 0.636884 2.95336
v  4.97667 0.636884 2.96357
v  4.98026 0.636884 2.97328
v  4.98823 0.636884 2.97989
v  4.99844 0.636884 2.98163
v  5.00815 0.636884 2.97804
v  5.01475 0.636884 2.97007
v  5.0165 0.636884 2.95986
v  5.0129 0.636884 2.95016
v  5.00494 0.636884 2.94354
v  4.99473 0.636884 2.9418
v  4.98502 0.636884 2.9454
v  4.9747 0.651705 2.94813
v  4.97296 0.651705 2.95834
v  4.97656 0.651705 2.96804
v  4.98452 0.651705 2.97466
v  4.99473 0.651705 2.9764
v  5.00444 0.651705 2.9728
v  5.01105 0.651705 2.96483
v  5.01279 0.651705 2.95463
v  5.00919 0.651705 2.94492
v  5.00123 0.651705 2.93831
v  4.99102 0.651705 2.93657
v  4.98131 0.651705 2.94016
v  4.9744 0.665712 2.9477
v  4.97264 0.666271 2.95789
v  4.97622 0.667033 2.96757
v  4.98417 0.667796 2.97416
v  4.99437 0.668353 2.97588
v  5.00407 0.668558 2.97228
v  5.01068 0.668353 2.96432
v  5.01244 0.667796 2.95413
v  5.00886 0.667033 2.94445
v  5.00091 0.666271 2.93786
v  4.99072 0.665712 2.93614
v  4.98101 0.665508 2.93974
v  4.97394 0.686006 2.94705
v  4.97217 0.685201 2.95722
v  4.97573 0.6841 2.96688
v  4.98366 0.683 2.97343
v  4.99384 0.682195 2.97514
v  5.00354 0.6819 2.97153
v  5.01016 0.682195 2.96358
v  5.01193 0.683 2.95341
v  5.00728 0.682604 2.94222
v  4.99937 0.683991 2.93569
v  4.99025 0.686006 2.93549
v  4.98056 0.686301 2.93909
v  4.9752 0.700137 2.94883
v  4.97337 0.698702 2.95892
v  4.97685 0.696743 2.96847
v  4.98471 0.694783 2.97492
v  4.99483 0.693348 2.97654
v  5.00451 0.692823 2.97291
v  5.01115 0.693348 2.96498
v  5.01297 0.694783 2.95489
v  5.00862 0.695185 2.94411
v  5.0008 0.697427 2.93771
v  4.99152 0.700137 2.93727
v  4.98184 0.700663 2.9409
v  4.97685 0.714897 2.95127
v  4.97489 0.712363 2.96111
v  4.97817 0.708921 2.9703
v  4.98581 0.705495 2.97638
v  4.99577 0.703003 2.97771
v  5.00537 0.702111 2.97395
v  5.01205 0.70306 2.96609
v  5.01401 0.705594 2.95625
v  5.01072 0.709035 2.94705
v  5.00308 0.712461 2.94098
v  4.99312 0.714953 2.93964
v  4.98352 0.715845 2.94341
v  4.97979 0.72881 2.95546
v  4.97783 0.726275 2.9653
v  4.98111 0.722834 2.97449
v  4.98876 0.719408 2.98057
v  4.99872 0.716915 2.9819
v  5.00832 0.716024 2.97814
v  5.01499 0.716972 2.97028
v  5.01695 0.719507 2.96044
v  5.01367 0.722948 2.95125
v  5.00602 0.726374 2.94517
v  4.99607 0.728866 2.94383
v  4.98646 0.729758 2.9476
v  4.98273 0.742722 2.95965
v  4.98078 0.740188 2.96949
v  4.98406 0.736747 2.97868
v  4.9917 0.733321 2.98476
v  5.00166 0.730828 2.98609
v  5.01126 0.729936 2.98233
v  5.01794 0.730885 2.97447
v  5.01989 0.733419 2.96463
v  5.01661 0.736861 2.95544
v  5.00897 0.740286 2.94936
v  4.99901 0.742779 2.94803
v  4.98941 0.743671 2.95179
v  4.98568 0.756635 2.96384
v  4.98372 0.754101 2.97368
v  4.987 0.750659 2.98288
v  4.99465 0.747234 2.98895
v  5.00461 0.744741 2.99029
v  5.01421 0.743849 2.98652
v  5.02088 0.744797 2.97866
v  5.02284 0.747332 2.96882
v  5.01956 0.750773 2.95963
v  5.01191 0.754199 2.95355
v  5.00195 0.756692 2.95222
v  4.99235 0.757583 2.95598
v  4.98862 0.770548 2.96803
v  4.98666 0.768013 2.97788
v  4.98995 0.764572 2.98707
v  4.99759 0.761146 2.99314
v  5.00755 0.758654 2.99448
v  5.01715 0.757762 2.99071
v  5.02383 0.75871 2.98285
v  5.02578 0.761245 2.97301
v  5.0225 0.764686 2.96382
v  5.01486 0.768112 2.95774
v  5.0049 0.770605 2.95641
v  4.99529 0.771496 2.96018
v  4.99765 0.782627 2.96353
v  4.99098 0.781678 2.97139
v  4.99428 0.78355 2.97336
v  4.99992 0.784352 2.96672
v  4.99262 0.781405 2.98169
v  4.98902 0.779144 2.98123
v  4.9954 0.778494 2.98947
v  4.9923 0.775703 2.99042
v  5.00187 0.775595 2.99461
v  4.99995 0.772277 2.9965
v  5.01029 0.773486 2.99574
v  5.00991 0.769784 2.99783
v  5.01841 0.772732 2.99255
v  5.01951 0.768892 2.99407
v  5.02406 0.773534 2.98591
v  5.02618 0.769841 2.98621
v  5.02572 0.775678 2.97758
v  5.02814 0.772375 2.97637
v  5.02294 0.77859 2.9698
v  5.02486 0.775816 2.96717
v  5.01647 0.781488 2.96466
v  5.01721 0.779242 2.9611
v  5.00805 0.783597 2.96353
v  5.00725 0.781735 2.95976
v  5.00917 0.778542 2.97964

# 1785 UV coordinates
vt 0.593957 0.476894 0
vt 0.579336 0.485833 0
vt 0.585494 0.475377 0
vt 0.44455 0.511873 0
vt 0.442485 0.503408 0
vt 0.462365 0.501414 0
vt 0.468526 0.380079 0
vt 0.457799 0.372877 0
vt 0.468581 0.346709 0
vt 0.296091 0.391793 0
vt 0.300521 0.378242 0
vt 0.312214 0.407612 0
vt 0.254208 0.419303 0
vt 0.226861 0.384932 0
vt 0.239191 0.382459 0
vt 0.547048 0.540442 0
vt 0.558161 0.535885 0
vt 0.555178 0.548744 0
vt 0.296048 0.446244 0
vt 0.30182 0.424366 0
vt 0.303753 0.443532 0
vt 0.536386 0.430891 0
vt 0.552324 0.416392 0
vt 0.539397 0.453854 0
vt 0.587412 0.518242 0
vt 0.584011 0.506475 0
vt 0.598759 0.512043 0
vt 0.496506 0.390028 0
vt 0.482226 0.415189 0
vt 0.500523 0.356588 0
vt 0.398705 0.458301 0
vt 0.387708 0.452734 0
vt 0.390917 0.433817 0
vt 0.453331 0.406823 0
vt 0.432491 0.366734 0
vt 0.425759 0.39736 0
vt 0.424556 0.365937 0
vt 0.44335 0.529488 0
vt 0.410141 0.5316 0
vt 0.411889 0.527398 0
vt 0.358619 0.527088 0
vt 0.339755 0.523551 0
vt 0.35532 0.520426 0
vt 0.380169 0.529122 0
vt 0.372523 0.5233 0
vt 0.386071 0.52404 0
vt 0.55201 0.52743 0
vt 0.495387 0.424388 0
vt 0.498095 0.402965 0
vt 0.49869 0.429962 0
vt 0.489845 0.518724 0
vt 0.469263 0.523783 0
vt 0.47822 0.517011 0
vt 0.332708 0.395769 0
vt 0.325555 0.396841 0
vt 0.320799 0.346815 0
vt 0.568556 0.547099 0
vt 0.563795 0.557891 0
vt 0.547671 0.562074 0
vt 0.416674 0.367659 0
vt 0.414518 0.396993 0
vt 0.553199 0.586433 0
vt 0.540103 0.577913 0
vt 0.558929 0.584736 0
vt 0.607762 0.567257 0
vt 0.596369 0.578174 0
vt 0.600374 0.560012 0
vt 0.602742 0.549517 0
vt 0.614272 0.532863 0
vt 0.614065 0.553187 0
vt 0.398922 0.37091 0
vt 0.404178 0.399023 0
vt 0.392812 0.393298 0
vt 0.407783 0.517386 0
vt 0.414777 0.501907 0
vt 0.421858 0.511839 0
vt 0.556518 0.389197 0
vt 0.545788 0.410629 0
vt 0.549948 0.379362 0
vt 0.403188 0.503236 0
vt 0.390233 0.516909 0
vt 0.378682 0.518077 0
vt 0.363342 0.509543 0
vt 0.373785 0.500888 0
vt 0.519545 0.379534 0
vt 0.535954 0.379328 0
vt 0.522193 0.405186 0
vt 0.273948 0.477083 0
vt 0.275536 0.488736 0
vt 0.25852 0.465528 0
vt 0.288905 0.484386 0
vt 0.305902 0.489723 0
vt 0.299774 0.49562 0
vt 0.277411 0.507892 0
vt 0.282382 0.502805 0
vt 0.295918 0.514472 0
vt 0.353347 0.345584 0
vt 0.365086 0.388334 0
vt 0.360108 0.401438 0
vt 0.347451 0.425832 0
vt 0.336996 0.377666 0
vt 0.331053 0.511073 0
vt 0.324677 0.5014 0
vt 0.34707 0.509196 0
vt 0.305626 0.506765 0
vt 0.319643 0.515077 0
vt 0.534972 0.499526 0
vt 0.522472 0.510112 0
vt 0.513995 0.50873 0
vt 0.344344 0.495488 0
vt 0.332578 0.495825 0
vt 0.358055 0.496138 0
vt 0.609097 0.522386 0
vt 0.285079 0.423681 0
vt 0.283742 0.452031 0
vt 0.264934 0.399991 0
vt 0.27666 0.437302 0
vt 0.256185 0.396738 0
vt 0.551421 0.483894 0
vt 0.566287 0.481067 0
vt 0.564974 0.492373 0
vt 0.543336 0.551428 0
vt 0.534034 0.551937 0
vt 0.538628 0.541702 0
vt 0.54192 0.569999 0
vt 0.552688 0.578897 0
vt 0.470737 0.510043 0
vt 0.439718 0.52309 0
vt 0.530211 0.536416 0
vt 0.544211 0.527354 0
vt 0.542229 0.535071 0
vt 0.363482 0.344578 0
vt 0.368724 0.378725 0
vt 0.39278 0.416435 0
vt 0.573453 0.513286 0
vt 0.561848 0.515557 0
vt 0.575092 0.506706 0
vt 0.535033 0.409904 0
vt 0.408498 0.459104 0
vt 0.405812 0.443033 0
vt 0.423498 0.452024 0
vt 0.416147 0.445462 0
vt 0.495023 0.453085 0
vt 0.512095 0.453557 0
vt 0.500692 0.455988 0
vt 0.488473 0.456626 0
vt 0.488825 0.498508 0
vt 0.500347 0.494917 0
vt 0.507006 0.501939 0
vt 0.518772 0.486855 0
vt 0.528339 0.492372 0
vt 0.434422 0.463347 0
vt 0.427487 0.465934 0
vt 0.416861 0.464656 0
vt 0.52656 0.558281 0
vt 0.522687 0.55762 0
vt 0.526758 0.534381 0
vt 0.282292 0.362878 0
vt 0.291034 0.42098 0
vt 0.248563 0.484521 0
vt 0.24958 0.477621 0
vt 0.265262 0.494609 0
vt 0.233375 0.468785 0
vt 0.229928 0.478327 0
vt 0.529661 0.481442 0
vt 0.541435 0.49509 0
vt 0.55019 0.499037 0
vt 0.418234 0.460367 0
vt 0.427447 0.458232 0
vt 0.436826 0.403918 0
vt 0.450731 0.37226 0
vt 0.445509 0.402724 0
vt 0.287387 0.492278 0
vt 0.296571 0.505359 0
vt 0.583965 0.549185 0
vt 0.589897 0.55894 0
vt 0.576628 0.560633 0
vt 0.602438 0.534747 0
vt 0.428791 0.443496 0
vt 0.423991 0.415223 0
vt 0.431035 0.432564 0
vt 0.436083 0.452868 0
vt 0.483369 0.508001 0
vt 0.497159 0.5084 0
vt 0.50407 0.516397 0
vt 0.439601 0.367713 0
vt 0.356202 0.508439 0
vt 0.260419 0.496985 0
vt 0.269377 0.50094 0
vt 0.476753 0.501237 0
vt 0.34945 0.396996 0
vt 0.348445 0.370581 0
vt 0.55027 0.510932 0
vt 0.533674 0.524192 0
vt 0.53869 0.513443 0
vt 0.484994 0.450844 0
vt 0.479812 0.445087 0
vt 0.601142 0.467553 0
vt 0.219024 0.472453 0
vt 0.222516 0.466887 0
vt 0.317229 0.429847 0
vt 0.325801 0.439928 0
vt 0.603034 0.577021 0
vt 0.467167 0.46513 0
vt 0.466183 0.460245 0
vt 0.480721 0.460228 0
vt 0.444099 0.463563 0
vt 0.458513 0.468304 0
vt 0.436567 0.468656 0
vt 0.399848 0.530543 0
vt 0.578407 0.470562 0
vt 0.586327 0.459626 0
vt 0.230485 0.457011 0
vt 0.244203 0.460675 0
vt 0.37598 0.428127 0
vt 0.366354 0.427635 0
vt 0.375905 0.409152 0
vt 0.350337 0.435914 0
vt 0.367292 0.438338 0
vt 0.348285 0.444371 0
vt 0.447724 0.447748 0
vt 0.458348 0.448175 0
vt 0.552193 0.473979 0
vt 0.564326 0.465625 0
vt 0.580784 0.585025 0
vt 0.591149 0.573886 0
vt 0.58496 0.568581 0
vt 0.592355 0.563873 0
vt 0.401606 0.523956 0
vt 0.511876 0.420686 0
vt 0.510988 0.405091 0
vt 0.517104 0.426392 0
vt 0.293868 0.400112 0
vt 0.286611 0.404411 0
vt 0.287808 0.391338 0
vt 0.541412 0.478232 0
vt 0.537806 0.489631 0
vt 0.455026 0.522262 0
vt 0.460441 0.526627 0
vt 0.491338 0.354257 0
vt 0.48079 0.386757 0
vt 0.483881 0.350985 0
vt 0.317351 0.490484 0
vt 0.510048 0.436037 0
vt 0.52437 0.444225 0
vt 0.523281 0.453647 0
vt 0.531574 0.451708 0
vt 0.538778 0.461232 0
vt 0.456975 0.514279 0
vt 0.43935 0.437534 0
vt 0.302436 0.516147 0
vt 0.593712 0.52418 0
vt 0.4242 0.50142 0
vt 0.429494 0.509712 0
vt 0.374974 0.376986 0
vt 0.372924 0.346324 0
vt 0.385307 0.38037 0
vt 0.326468 0.432788 0
vt 0.338141 0.435938 0
vt 0.317812 0.402927 0
vt 0.3347 0.425275 0
vt 0.467348 0.414856 0
vt 0.476021 0.416709 0
vt 0.467819 0.449617 0
vt 0.595915 0.540528 0
vt 0.574103 0.524727 0
vt 0.58547 0.521934 0
vt 0.309564 0.349515 0
vt 0.455378 0.462907 0
vt 0.54006 0.503532 0
vt 0.406203 0.36521 0
vt 0.388623 0.504686 0
vt 0.511321 0.358934 0
vt 0.526862 0.358105 0
vt 0.568458 0.589081 0
vt 0.248129 0.431288 0
vt 0.265363 0.443627 0
vt 0.272185 0.463588 0
vt 0.609779 0.517607 0
vt 0.47951 0.456246 0
vt 0.377756 0.444345 0
vt 0.365916 0.446148 0
vt 0.303036 0.499931 0
vt 0.288672 0.498563 0
vt 0.441061 0.429029 0
vt 0.449859 0.441234 0
vt 0.428801 0.418063 0
vt 0.338452 0.44289 0
vt 0.266341 0.382704 0
vt 0.260488 0.37125 0
vt 0.27126 0.366794 0
vt 0.248397 0.379257 0
vt 0.253916 0.472857 0
vt 0.526802 0.566347 0
vt 0.532771 0.574615 0
vt 0.530949 0.577424 0
vt 0.530353 0.564775 0
vt 0.461023 0.408981 0
vt 0.28234 0.388614 0
vt 0.280336 0.402312 0
vt 0.275428 0.391326 0
vt 0.390812 0.342799 0
vt 0.382207 0.343611 0
vt 0.505848 0.405274 0
vt 0.513154 0.395825 0
vt 0.538972 0.524186 0
vt 0.277749 0.468651 0
vt 0.275801 0.453136 0
vt 0.281028 0.450979 0
vt 0.414653 0.521496 0
vt 0.435741 0.516599 0
vt 0.503915 0.397134 0
vt 0.542199 0.560673 0
vt 0.310346 0.386986 0
vt 0.303544 0.35443 0
vt 0.380464 0.407182 0
vt 0.582112 0.500053 0
vt 0.598863 0.50786 0
vt 0.559469 0.507923 0
vt 0.57083 0.503179 0
vt 0.381679 0.390489 0
vt 0.387352 0.407779 0
vt 0.34722 0.515454 0
vt 0.361782 0.516959 0
vt 0.560182 0.511497 0
vt 0.276354 0.377841 0
vt 0.37449 0.389225 0
vt 0.37579 0.384515 0
vt 0.353961 0.513981 0
vt 0.561358 0.59193 0
vt 0.548359 0.589203 0
vt 0.540073 0.582757 0
vt 0.465552 0.391419 0
vt 0.472665 0.398229 0
vt 0.271342 0.388221 0
vt 0.271266 0.396561 0
vt 0.495872 0.446538 0
vt 0.501555 0.437396 0
vt 0.432353 0.412059 0
vt 0.575529 0.480098 0
vt 0.305507 0.418285 0
vt 0.30146 0.401566 0
vt 0.55236 0.515198 0
vt 0.276845 0.495275 0
vt 0.517027 0.501934 0
vt 0.594368 0.456997 0
vt 0.298515 0.414099 0
vt 0.288392 0.409751 0
vt 0.219024 0.387978 0
vt 0.226689 0.40026 0
vt 0.572441 0.368683 0
vt 0.55857 0.367988 0
vt 0.55509 0.572567 0
vt 0.580534 0.577073 0
vt 0.566172 0.579197 0
vt 0.501774 0.512494 0
vt 0.573763 0.46249 0
vt 0.59547 0.556774 0
vt 0.406859 0.464426 0
vt 0.44474 0.413025 0
vt 0.451553 0.418992 0
vt 0.275884 0.408952 0
vt 0.446212 0.518443 0
vt 0.569316 0.535518 0
vt 0.57081 0.573269 0
vt 0.568422 0.565491 0
vt 0.321484 0.519854 0
vt 0.358476 0.432698 0
vt 0.268308 0.436597 0
vt 0.311192 0.438877 0
vt 0.617669 0.539582 0
vt 0.4781 0.349366 0
vt 0.323064 0.492753 0
vt 0.310706 0.500388 0
vt 0.512611 0.446186 0
vt 0.503558 0.446426 0
vt 0.329135 0.448053 0
vt 0.317831 0.447137 0
vt 0.506995 0.507366 0
vt 0.546178 0.507942 0
vt 0.477575 0.379962 0
vt 0.412939 0.344426 0
vt 0.431752 0.347482 0
vt 0.518729 0.437626 0
vt 0.473207 0.386385 0
vt 0.422097 0.345001 0
vt 0.58573 0.586205 0
vt 0.444169 0.34622 0
vt 0.289931 0.461816 0
vt 0.302148 0.456621 0
vt 0.45708 0.346924 0
vt 0.463033 0.517882 0
vt 0.40221 0.341498 0
vt 0.311191 0.453611 0
vt 0.332792 0.344904 0
vt 0.292245 0.357327 0
vt 0.346896 0.344391 0
vt 0.301135 0.482606 0
vt 0.290344 0.4785 0
vt 0.570983 0.591605 0
vt 0.24531 0.487758 0
vt 0.321576 0.39969 0
vt 0.317043 0.383839 0
vt 0.60329 0.473762 0
vt 0.315334 0.389268 0
vt 0.614849 0.559127 0
vt 0.543783 0.366508 0
vt 0.489407 0.422313 0
vt 0.566054 0.381578 0
vt 0.551872 0.411047 0
vt 0.243279 0.428813 0
vt 0.272602 0.442315 0
vt 0.37951 0.449764 0
vt 0.615937 0.529906 0
vt 0.310231 0.486267 0
vt 0.528756 0.524992 0
vt 0.365447 0.341727 0
vt 0.429789 0.341775 0
vt 0.415824 0.338987 0
vt 0.244827 0.295099 0
vt 0.242325 0.289136 0
vt 0.270524 0.288186 0
vt 0.0655366 0.0892594 0
vt 0.0752559 0.129009 0
vt 0.062295 0.0983173 0
vt 0.353001 0.162609 0
vt 0.366235 0.0937503 0
vt 0.375656 0.0902021 0
vt 0.145295 0.149119 0
vt 0.134991 0.148715 0
vt 0.125749 0.0775839 0
vt 0.25412 0.16987 0
vt 0.250806 0.1415 0
vt 0.264899 0.139162 0
vt 0.178643 0.0574594 0
vt 0.18657 0.053401 0
vt 0.189391 0.124972 0
vt 0.238248 0.127598 0
vt 0.243539 0.171575 0
vt 0.316961 0.0967801 0
vt 0.328072 0.0774291 0
vt 0.320104 0.148659 0
vt 0.101277 0.342858 0
vt 0.0809446 0.341098 0
vt 0.0924907 0.333708 0
vt 0.300996 0.27606 0
vt 0.313332 0.275664 0
vt 0.283427 0.288371 0
vt 0.325988 0.262598 0
vt 0.365947 0.202394 0
vt 0.356758 0.243011 0
vt 0.0767194 0.181409 0
vt 0.0560082 0.105845 0
vt 0.0699177 0.129204 0
vt 0.1056 0.368808 0
vt 0.119017 0.35266 0
vt 0.120644 0.364393 0
vt 0.266591 0.292757 0
vt 0.212567 0.127694 0
vt 0.204132 0.0788569 0
vt 0.213285 0.0711743 0
vt 0.0384142 0.345463 0
vt 0.0475576 0.33437 0
vt 0.0403717 0.355109 0
vt 0.204217 0.136793 0
vt 0.11383 0.156492 0
vt 0.0905162 0.0842128 0
vt 0.110604 0.106449 0
vt 0.0951466 0.257904 0
vt 0.080114 0.251832 0
vt 0.0759352 0.240726 0
vt 0.117258 0.275373 0
vt 0.101553 0.26546 0
vt 0.114915 0.265079 0
vt 0.158387 0.281102 0
vt 0.173219 0.291996 0
vt 0.152912 0.288958 0
vt 0.379349 0.218734 0
vt 0.381538 0.231994 0
vt 0.363867 0.247999 0
vt 0.311424 0.0744659 0
vt 0.297854 0.0260422 0
vt 0.287746 0.0487756 0
vt 0.278741 0.0241178 0
vt 0.329397 0.0548624 0
vt 0.316595 0.0537839 0
vt 0.327441 0.0323319 0
vt 0.281843 0.157553 0
vt 0.266594 0.169211 0
vt 0.0716569 0.329348 0
vt 0.0600746 0.33801 0
vt 0.0658201 0.321209 0
vt 0.220172 0.318582 0
vt 0.197247 0.326164 0
vt 0.200347 0.312232 0
vt 0.185899 0.316888 0
vt 0.159785 0.307721 0
vt 0.176646 0.303322 0
vt 0.230096 0.331491 0
vt 0.215093 0.308029 0
vt 0.23052 0.306913 0
vt 0.270727 0.0465797 0
vt 0.279655 0.0489295 0
vt 0.0820639 0.25798 0
vt 0.0688227 0.258382 0
vt 0.0679733 0.247336 0
vt 0.108156 0.280141 0
vt 0.0885773 0.274299 0
vt 0.102187 0.270849 0
vt 0.163878 0.299759 0
vt 0.0923818 0.15905 0
vt 0.0684388 0.0743712 0
vt 0.120958 0.38114 0
vt 0.103261 0.38209 0
vt 0.116596 0.377481 0
vt 0.153463 0.14712 0
vt 0.134982 0.0765439 0
vt 0.146722 0.0771625 0
vt 0.138548 0.28929 0
vt 0.139064 0.30144 0
vt 0.123084 0.287012 0
vt 0.180316 0.143478 0
vt 0.168857 0.147221 0
vt 0.163578 0.0741663 0
vt 0.0509762 0.347532 0
vt 0.366781 0.225857 0
vt 0.046585 0.205729 0
vt 0.0524851 0.227094 0
vt 0.044746 0.241449 0
vt 0.0339175 0.227885 0
vt 0.0489166 0.231923 0
vt 0.389829 0.217429 0
vt 0.336734 0.112228 0
vt 0.343986 0.114815 0
vt 0.335574 0.144074 0
vt 0.376752 0.242958 0
vt 0.368428 0.258034 0
vt 0.0628477 0.367049 0
vt 0.0641067 0.383742 0
vt 0.0476531 0.368917 0
vt 0.0783813 0.360358 0
vt 0.335543 0.26935 0
vt 0.351207 0.269707 0
vt 0.33179 0.28264 0
vt 0.31574 0.277982 0
vt 0.332185 0.264389 0
vt 0.171986 0.181227 0
vt 0.156081 0.182065 0
vt 0.160198 0.173453 0
vt 0.130705 0.177906 0
vt 0.143366 0.177045 0
vt 0.139194 0.184817 0
vt 0.081943 0.375357 0
vt 0.0699066 0.373954 0
vt 0.257858 0.321239 0
vt 0.239153 0.329241 0
vt 0.237952 0.315351 0
vt 0.237863 0.0565645 0
vt 0.231124 0.115608 0
vt 0.232684 0.031572 0
vt 0.348286 0.147338 0
vt 0.34243 0.180756 0
vt 0.33967 0.157135 0
vt 0.327489 0.173386 0
vt 0.330137 0.18412 0
vt 0.317199 0.180561 0
vt 0.308279 0.162252 0
vt 0.313266 0.172876 0
vt 0.281484 0.18169 0
vt 0.275775 0.169742 0
vt 0.111718 0.0318829 0
vt 0.109381 0.0592721 0
vt 0.102101 0.0365834 0
vt 0.126916 0.0309908 0
vt 0.142429 0.0541881 0
vt 0.125046 0.0573792 0
vt 0.26812 0.296776 0
vt 0.253903 0.311585 0
vt 0.250238 0.302345 0
vt 0.245694 0.299817 0
vt 0.188922 0.180322 0
vt 0.185849 0.185222 0
vt 0.165013 0.15148 0
vt 0.045054 0.374407 0
vt 0.0693571 0.390184 0
vt 0.318102 0.28023 0
vt 0.308986 0.287969 0
vt 0.284731 0.293058 0
vt 0.204462 0.192785 0
vt 0.212166 0.177796 0
vt 0.206107 0.189148 0
vt 0.204099 0.180387 0
vt 0.100161 0.0618314 0
vt 0.0866524 0.0647829 0
vt 0.0906268 0.0419375 0
vt 0.0563517 0.248818 0
vt 0.102213 0.314215 0
vt 0.0775483 0.32462 0
vt 0.11138 0.331334 0
vt 0.0943344 0.328122 0
vt 0.22027 0.303508 0
vt 0.219048 0.298932 0
vt 0.194631 0.297514 0
vt 0.208236 0.291156 0
vt 0.119361 0.187404 0
vt 0.120445 0.178769 0
vt 0.123531 0.149859 0
vt 0.0699416 0.309735 0
vt 0.0599011 0.319478 0
vt 0.0549387 0.316643 0
vt 0.179593 0.0307158 0
vt 0.163691 0.0306695 0
vt 0.141241 0.0305899 0
vt 0.0578423 0.0529268 0
vt 0.056277 0.0911863 0
vt 0.0459818 0.0570024 0
vt 0.0442833 0.103736 0
vt 0.24295 0.0814477 0
vt 0.257373 0.0441135 0
vt 0.248303 0.0281757 0
vt 0.264193 0.0280208 0
vt 0.353003 0.171481 0
vt 0.351848 0.185282 0
vt 0.112457 0.0801712 0
vt 0.12219 0.106637 0
vt 0.0979123 0.252521 0
vt 0.218482 0.18199 0
vt 0.223 0.187587 0
vt 0.225534 0.156937 0
vt 0.222378 0.133762 0
vt 0.218675 0.0323948 0
vt 0.341849 0.0356822 0
vt 0.338537 0.0570641 0
vt 0.339349 0.0795222 0
vt 0.0749229 0.0626263 0
vt 0.0676196 0.0505104 0
vt 0.0791988 0.0474947 0
vt 0.186499 0.305207 0
vt 0.210017 0.303464 0
vt 0.224019 0.192594 0
vt 0.205037 0.197785 0
vt 0.191254 0.19406 0
vt 0.180968 0.188076 0
vt 0.320596 0.290275 0
vt 0.313978 0.0324187 0
vt 0.299685 0.166939 0
vt 0.306852 0.181078 0
vt 0.294718 0.180908 0
vt 0.0886526 0.311569 0
vt 0.192981 0.0335316 0
vt 0.197756 0.119816 0
vt 0.109029 0.181869 0
vt 0.103669 0.187379 0
vt 0.110836 0.31215 0
vt 0.124019 0.324961 0
vt 0.0948154 0.306967 0
vt 0.0335814 0.212461 0
vt 0.0381159 0.20255 0
vt 0.146043 0.192185 0
vt 0.147841 0.187534 0
vt 0.164658 0.186743 0
vt 0.101585 0.391154 0
vt 0.0904031 0.39008 0
vt 0.302172 0.0509239 0
vt 0.293215 0.115952 0
vt 0.278591 0.132511 0
vt 0.290958 0.0714557 0
vt 0.3578 0.0643634 0
vt 0.367422 0.0444281 0
vt 0.353985 0.102654 0
vt 0.35656 0.112667 0
vt 0.27461 0.314938 0
vt 0.290363 0.306826 0
vt 0.241684 0.185536 0
vt 0.254805 0.184094 0
vt 0.226395 0.197764 0
vt 0.0761373 0.384904 0
vt 0.17175 0.0720185 0
vt 0.169896 0.0509786 0
vt 0.159896 0.0557933 0
vt 0.132885 0.272662 0
vt 0.140218 0.282476 0
vt 0.252827 0.17723 0
vt 0.241567 0.180119 0
vt 0.348283 0.0597104 0
vt 0.355001 0.0380164 0
vt 0.132356 0.344085 0
vt 0.135799 0.356586 0
vt 0.126456 0.368197 0
vt 0.276871 0.0700685 0
vt 0.264505 0.0805271 0
vt 0.361297 0.246727 0
vt 0.345169 0.258067 0
vt 0.0829827 0.189305 0
vt 0.0851638 0.180204 0
vt 0.0923446 0.179637 0
vt 0.103908 0.173232 0
vt 0.104235 0.353448 0
vt 0.111934 0.339859 0
vt 0.165023 0.295306 0
vt 0.0893267 0.350333 0
vt 0.229726 0.176624 0
vt 0.315978 0.165951 0
vt 0.0949978 0.36157 0
vt 0.0338116 0.0633125 0
vt 0.0249014 0.217485 0
vt 0.277718 0.30292 0
vt 0.307665 0.14435 0
vt 0.310171 0.124106 0
vt 0.28728 0.132523 0
vt 0.153446 0.170295 0
vt 0.160286 0.150703 0
vt 0.157894 0.127883 0
vt 0.0952649 0.147667 0
vt 0.0777413 0.0822278 0
vt 0.225336 0.0320776 0
vt 0.152256 0.0293858 0
vt 0.150107 0.293838 0
vt 0.34591 0.0975487 0
vt 0.286608 0.28153 0
vt 0.0780934 0.265215 0
vt 0.0934569 0.265741 0
vt 0.346197 0.128104 0
vt 0.347909 0.110428 0
vt 0.303088 0.129872 0
vt 0.29594 0.122747 0
vt 0.30296 0.115523 0
vt 0.240702 0.0322059 0
vt 0.246207 0.0509422 0
vt 0.352023 0.127053 0
vt 0.138629 0.285922 0
vt 0.269977 0.186988 0
vt 0.267788 0.181568 0
vt 0.257585 0.0696483 0
vt 0.247153 0.070659 0
vt 0.252796 0.112374 0
vt 0.0346374 0.205708 0
vt 0.332153 0.162932 0
vt 0.107229 0.148732 0
vt 0.3015 0.0716204 0
vt 0.242967 0.305208 0
vt 0.122004 0.336868 0
vt 0.37691 0.209716 0
vt 0.0521256 0.384744 0
vt 0.293884 0.155119 0
vt 0.280771 0.141554 0
vt 0.273429 0.139108 0
vt 0.102039 0.157227 0
vt 0.0556672 0.328494 0
vt 0.0904191 0.259409 0
vt 0.299306 0.134214 0
vt 0.213654 0.160314 0
vt 0.200634 0.175681 0
vt 0.0924919 0.188221 0
vt 0.115993 0.192567 0
vt 0.099745 0.193712 0
vt 0.289106 0.150956 0
vt 0.22455 0.168051 0
vt 0.219947 0.154823 0
vt 0.211985 0.139897 0
vt 0.348986 0.260513 0
vt 0.35553 0.259266 0
vt 0.297525 0.145924 0
vt 0.216235 0.140464 0
vt 0.26913 0.0688443 0
vt 0.0334835 0.344046 0
vt 0.038369 0.363717 0
vt 0.0335816 0.36534 0
vt 0.1884 0.0219141 0
vt 0.165763 0.0224126 0
vt 0.17345 0.296923 0
vt 0.0510225 0.357783 0
vt 0.102192 0.0835265 0
vt 0.0556015 0.352556 0
vt 0.339807 0.186781 0
vt 0.360138 0.194582 0
vt 0.0893893 0.197758 0
vt 0.193102 0.175713 0
vt 0.302763 0.145684 0
vt 0.183661 0.168581 0
vt 0.292978 0.184801 0
vt 0.133662 0.334356 0
vt 0.152351 0.0503802 0
vt 0.135553 0.189288 0
vt 0.163869 0.123638 0
vt 0.154217 0.0770952 0
vt 0.151379 0.0594492 0
vt 0.292313 0.144608 0
vt 0.237534 0.162313 0
vt 0.231265 0.156524 0
vt 0.377185 0.0473675 0
vt 0.377426 0.0369798 0
vt 0.392537 0.0416412 0
vt 0.366656 0.0340118 0
vt 0.0814164 0.369579 0
vt 0.230037 0.166731 0
vt 0.221339 0.170842 0
vt 0.38919 0.0503806 0
vt 0.359171 0.244568 0
vt 0.0306227 0.0545615 0
vt 0.25132 0.0761246 0
vt 0.25325 0.0950169 0
vt 0.331954 0.293273 0
vt 0.251495 0.124639 0
vt 0.311127 0.298817 0
vt 0.359357 0.173398 0
vt 0.360845 0.183794 0
vt 0.0590597 0.236485 0
vt 0.203593 0.034388 0
vt 0.308806 0.185453 0
vt 0.0995258 0.0324183 0
vt 0.0884348 0.0337509 0
vt 0.0668192 0.0411996 0
vt 0.0797392 0.0376593 0
vt 0.0567258 0.0449753 0
vt 0.198498 0.0284792 0
vt 0.0427622 0.0496999 0
vt 0.338682 0.0265768 0
vt 0.35377 0.0306321 0
vt 0.1293 0.324966 0
vt 0.372371 0.209811 0
vt 0.264004 0.177168 0
vt 0.107017 0.160682 0
vt 0.222133 0.331722 0
vt 0.350552 0.114607 0
vt 0.344103 0.282509 0
vt 0.130467 0.022892 0
vt 0.148109 0.0241011 0
vt 0.0715243 0.31435 0
vt 0.161646 0.131172 0
vt 0.132347 0.367722 0
vt 0.0537531 0.239156 0
vt 0.0705669 0.241521 0
vt 0.115645 0.0262335 0
vt 0.383711 0.209158 0
vt 0.723729 0.552934 0
vt 0.727701 0.557524 0
vt 0.690606 0.559671 0
vt 0.900022 0.549866 0
vt 0.871143 0.541294 0
vt 0.897377 0.544383 0
vt 0.788451 0.346123 0
vt 0.798384 0.343578 0
vt 0.80229 0.430471 0
vt 0.696736 0.459574 0
vt 0.667545 0.369461 0
vt 0.675333 0.368717 0
vt 0.767728 0.375395 0
vt 0.771198 0.433109 0
vt 0.751446 0.353204 0
vt 0.754596 0.435639 0
vt 0.73863 0.407584 0
vt 0.740541 0.354798 0
vt 0.833681 0.40083 0
vt 0.820989 0.39036 0
vt 0.823099 0.343124 0
vt 0.85905 0.598189 0
vt 0.877579 0.585295 0
vt 0.868722 0.603547 0
vt 0.945688 0.43789 0
vt 0.935623 0.435411 0
vt 0.944482 0.342745 0
vt 0.86513 0.343032 0
vt 0.874101 0.344099 0
vt 0.872015 0.419694 0
vt 0.916186 0.407776 0
vt 0.908432 0.422373 0
vt 0.907628 0.371996 0
vt 0.899466 0.425637 0
vt 0.889774 0.424514 0
vt 0.896927 0.344376 0
vt 0.86135 0.614652 0
vt 0.855775 0.606093 0
vt 0.839491 0.548478 0
vt 0.86762 0.556289 0
vt 0.852336 0.558587 0
vt 0.785287 0.381762 0
vt 0.796651 0.431974 0
vt 0.788053 0.427093 0
vt 0.72477 0.463843 0
vt 0.713783 0.438258 0
vt 0.724458 0.439131 0
vt 0.817777 0.606613 0
vt 0.813666 0.614804 0
vt 0.801548 0.5977 0
vt 0.796472 0.532403 0
vt 0.810374 0.523806 0
vt 0.814378 0.530964 0
vt 0.831446 0.3421 0
vt 0.839726 0.342186 0
vt 0.743791 0.551443 0
vt 0.729393 0.547905 0
vt 0.745271 0.545173 0
vt 0.797535 0.543044 0
vt 0.797614 0.538013 0
vt 0.818566 0.53578 0
vt 0.767886 0.316593 0
vt 0.756059 0.305624 0
vt 0.771463 0.300432 0
vt 0.791742 0.305229 0
vt 0.784551 0.309798 0
vt 0.780739 0.299563 0
vt 0.938384 0.546091 0
vt 0.933258 0.550296 0
vt 0.920475 0.546197 0
vt 0.706618 0.379666 0
vt 0.717614 0.409123 0
vt 0.887525 0.530701 0
vt 0.879678 0.521898 0
vt 0.900731 0.525653 0
vt 0.928693 0.528744 0
vt 0.938051 0.540013 0
vt 0.920453 0.538816 0
vt 0.819967 0.567193 0
vt 0.83192 0.579423 0
vt 0.821747 0.582384 0
vt 0.839758 0.5608 0
vt 0.815009 0.556529 0
vt 0.667474 0.561587 0
vt 0.664278 0.556291 0
vt 0.677589 0.555564 0
vt 0.696971 0.553735 0
vt 0.720518 0.544316 0
vt 0.713875 0.5357 0
vt 0.73712 0.535165 0
vt 0.699343 0.546291 0
vt 0.887145 0.459586 0
vt 0.891205 0.482258 0
vt 0.874175 0.481225 0
vt 0.863964 0.4297 0
vt 0.926006 0.476453 0
vt 0.925752 0.443288 0
vt 0.936999 0.473546 0
vt 0.900483 0.452343 0
vt 0.905263 0.471551 0
vt 0.887746 0.447791 0
vt 0.773513 0.516792 0
vt 0.78513 0.520857 0
vt 0.783027 0.531404 0
vt 0.730143 0.543754 0
vt 0.946441 0.533493 0
vt 0.652731 0.555664 0
vt 0.653248 0.548859 0
vt 0.661655 0.545581 0
vt 0.9713 0.5558 0
vt 0.958919 0.556535 0
vt 0.952964 0.549709 0
vt 0.956304 0.539734 0
vt 0.975307 0.54821 0
vt 0.955533 0.545008 0
vt 0.875818 0.452802 0
vt 0.865371 0.473359 0
vt 0.838625 0.456745 0
vt 0.848673 0.488345 0
vt 0.833938 0.480812 0
vt 0.840988 0.4908 0
vt 0.83056 0.493342 0
vt 0.794733 0.478612 0
vt 0.797478 0.458151 0
vt 0.800938 0.474427 0
vt 0.917927 0.450348 0
vt 0.928725 0.433294 0
vt 0.916717 0.422121 0
vt 0.711552 0.494246 0
vt 0.715133 0.474097 0
vt 0.722951 0.490944 0
vt 0.945963 0.475999 0
vt 0.933558 0.453082 0
vt 0.850478 0.534608 0
vt 0.868417 0.527399 0
vt 0.8647 0.536255 0
vt 0.819797 0.541031 0
vt 0.717449 0.46999 0
vt 0.728037 0.490204 0
vt 0.76168 0.504102 0
vt 0.747389 0.503677 0
vt 0.759315 0.494958 0
vt 0.983233 0.564896 0
vt 0.800563 0.49276 0
vt 0.783508 0.493118 0
vt 0.787118 0.462586 0
vt 0.765738 0.486411 0
vt 0.77738 0.460909 0
vt 0.929664 0.34294 0
vt 0.937485 0.342791 0
vt 0.669191 0.546281 0
vt 0.807259 0.478922 0
vt 0.806196 0.457778 0
vt 0.814009 0.488056 0
vt 0.814556 0.430881 0
vt 0.806091 0.342112 0
vt 0.812878 0.342902 0
vt 0.841138 0.609575 0
vt 0.829477 0.622306 0
vt 0.908612 0.481501 0
vt 0.739264 0.494873 0
vt 0.743173 0.466469 0
vt 0.752293 0.482167 0
vt 0.751835 0.458488 0
vt 0.76225 0.460905 0
vt 0.752282 0.465935 0
vt 0.858659 0.48095 0
vt 0.853547 0.49571 0
vt 0.85964 0.621752 0
vt 0.879712 0.606605 0
vt 0.872095 0.616841 0
vt 0.683414 0.5444 0
vt 0.691747 0.551605 0
vt 0.774381 0.395161 0
vt 0.759681 0.472244 0
vt 0.77119 0.472233 0
vt 0.730548 0.360404 0
vt 0.720525 0.360704 0
vt 0.9123 0.529393 0
vt 0.851763 0.4007 0
vt 0.848652 0.342414 0
vt 0.856782 0.341096 0
vt 0.751408 0.518526 0
vt 0.762262 0.518163 0
vt 0.77232 0.529079 0
vt 0.820598 0.486301 0
vt 0.825142 0.498815 0
vt 0.814534 0.493038 0
vt 0.869113 0.573907 0
vt 0.858278 0.58206 0
vt 0.794334 0.295454 0
vt 0.834417 0.539117 0
vt 0.830381 0.534454 0
vt 0.910563 0.309291 0
vt 0.897506 0.30613 0
vt 0.884897 0.305304 0
vt 0.867748 0.312111 0
vt 0.823803 0.59987 0
vt 0.830665 0.588375 0
vt 0.86439 0.568252 0
vt 0.846719 0.576671 0
vt 0.776376 0.314768 0
vt 0.855752 0.314529 0
vt 0.700763 0.43685 0
vt 0.691342 0.39945 0
vt 0.701267 0.497613 0
vt 0.71016 0.466244 0
vt 0.876781 0.563377 0
vt 0.883442 0.573408 0
vt 0.885365 0.342156 0
vt 0.732401 0.462561 0
vt 0.732977 0.438542 0
vt 0.782776 0.541993 0
vt 0.785072 0.547133 0
vt 0.765757 0.54942 0
vt 0.917809 0.475726 0
vt 0.909729 0.452354 0
vt 0.82697 0.627717 0
vt 0.762138 0.348777 0
vt 0.745326 0.318651 0
vt 0.773197 0.348285 0
vt 0.717988 0.548429 0
vt 0.978975 0.541622 0
vt 0.691379 0.361664 0
vt 0.707609 0.431893 0
vt 0.848424 0.459656 0
vt 0.856683 0.415071 0
vt 0.773451 0.50084 0
vt 0.853527 0.547343 0
vt 0.729113 0.33038 0
vt 0.733734 0.318537 0
vt 0.935574 0.315119 0
vt 0.923374 0.308296 0
vt 0.9084 0.342809 0
vt 0.919775 0.342816 0
vt 0.881959 0.588351 0
vt 0.875045 0.598896 0
vt 0.719486 0.330488 0
vt 0.712065 0.342277 0
vt 0.707125 0.321725 0
vt 0.700544 0.327724 0
vt 0.923606 0.375819 0
vt 0.917342 0.36808 0
vt 0.763603 0.532463 0
vt 0.768973 0.543911 0
vt 0.850773 0.592088 0
vt 0.98682 0.55926 0
vt 0.993143 0.549899 0
vt 0.991252 0.556787 0
vt 0.844924 0.506268 0
vt 0.843751 0.510944 0
vt 0.830873 0.509935 0
vt 0.865542 0.504229 0
vt 0.73795 0.52164 0
vt 0.755441 0.534338 0
vt 0.717902 0.529588 0
vt 0.947442 0.486814 0
vt 0.929335 0.489406 0
vt 0.936429 0.482339 0
vt 0.850831 0.539072 0
vt 0.830758 0.457464 0
vt 0.814693 0.454833 0
vt 0.825707 0.450508 0
vt 0.820421 0.459567 0
vt 0.763009 0.539126 0
vt 0.777023 0.536468 0
vt 0.858696 0.626601 0
vt 0.873682 0.620486 0
vt 0.847282 0.628399 0
vt 0.843513 0.624334 0
vt 0.796564 0.318127 0
vt 0.816121 0.315297 0
vt 0.947435 0.308636 0
vt 0.885849 0.597765 0
vt 0.888594 0.57674 0
vt 0.883347 0.563363 0
vt 0.905385 0.495122 0
vt 0.916024 0.481709 0
vt 0.924148 0.485409 0
vt 0.903371 0.491344 0
vt 0.876888 0.537175 0
vt 0.902383 0.534939 0
vt 0.761853 0.479979 0
vt 0.84606 0.314215 0
vt 0.836574 0.313959 0
vt 0.682279 0.333503 0
vt 0.684557 0.365077 0
vt 0.709249 0.360371 0
vt 0.703329 0.367243 0
vt 0.79625 0.49688 0
vt 0.809434 0.503923 0
vt 0.790811 0.503188 0
vt 0.898707 0.53932 0
vt 0.859774 0.457327 0
vt 0.852871 0.438506 0
vt 0.667125 0.33477 0
vt 0.867054 0.552078 0
vt 0.879902 0.532045 0
vt 0.874418 0.43727 0
vt 0.781566 0.345685 0
vt 0.812254 0.590193 0
vt 0.80785 0.571834 0
vt 0.84411 0.396639 0
vt 0.903985 0.543819 0
vt 0.907586 0.540419 0
vt 0.8057 0.564835 0
vt 0.804678 0.309905 0
vt 0.805382 0.303557 0
vt 0.883751 0.450528 0
vt 0.883584 0.429095 0
vt 0.876311 0.42787 0
vt 0.758072 0.316894 0
vt 0.748356 0.31206 0
vt 0.787615 0.53568 0
vt 0.881739 0.415931 0
vt 0.840502 0.498988 0
vt 0.858706 0.501157 0
vt 0.877965 0.498242 0
vt 0.868765 0.496872 0
vt 0.805031 0.610561 0
vt 0.8256 0.313802 0
vt 0.684424 0.324919 0
vt 0.691652 0.321279 0
vt 0.888278 0.494102 0
vt 0.778658 0.429072 0
vt 0.75625 0.544884 0
vt 0.691298 0.332431 0
vt 0.846137 0.567994 0
vt 0.716703 0.385988 0
vt 0.711215 0.373634 0
vt 0.724958 0.409344 0
vt 0.781569 0.498313 0
vt 0.796529 0.592992 0
vt 0.797153 0.584091 0
vt 0.800084 0.573044 0
vt 0.744623 0.498428 0
vt 0.754923 0.489636 0
vt 0.971027 0.551368 0
vt 0.716121 0.370574 0
vt 0.72227 0.3809 0
vt 0.841363 0.600085 0
vt 0.822515 0.474645 0
vt 0.828326 0.473632 0
vt 0.826679 0.461351 0
vt 0.879847 0.440919 0
vt 0.78159 0.506161 0
vt 0.80864 0.43044 0
vt 0.655137 0.337906 0
vt 0.70438 0.508016 0
vt 0.70274 0.5028 0
vt 0.71286 0.507492 0
vt 0.721034 0.497658 0
vt 0.889222 0.599163 0
vt 0.811093 0.50917 0
vt 0.82347 0.507216 0
vt 0.833923 0.420108 0
vt 0.846344 0.420278 0
vt 0.8445 0.439619 0
vt 0.834371 0.505444 0
vt 0.824048 0.512977 0
vt 0.816316 0.552579 0
vt 0.803167 0.559832 0
vt 0.837633 0.405443 0
vt 0.675038 0.538118 0
vt 0.843809 0.401382 0
vt 0.850811 0.407389 0
vt 0.766001 0.456072 0
vt 0.763347 0.433219 0
vt 0.687985 0.533274 0
vt 0.691527 0.540351 0
vt 0.702934 0.532177 0
vt 0.831185 0.547345 0
vt 0.823962 0.426845 0
vt 0.775602 0.382849 0
vt 0.776511 0.371397 0
vt 0.78074 0.383689 0
vt 0.781386 0.398018 0
vt 0.649526 0.559536 0
vt 0.651365 0.565401 0
vt 0.74223 0.436379 0
vt 0.850559 0.528581 0
vt 0.931615 0.441304 0
vt 0.916024 0.376501 0
vt 0.916581 0.387681 0
vt 0.723651 0.506147 0
vt 0.734412 0.499477 0
vt 0.824756 0.529491 0
vt 0.840356 0.528325 0
vt 0.887857 0.49856 0
vt 0.946844 0.481344 0
vt 0.834246 0.598677 0
vt 0.831935 0.607106 0
vt 0.782657 0.41825 0
vt 0.730144 0.312623 0
vt 0.720616 0.31493 0
vt 0.956614 0.533605 0
vt 0.664309 0.329624 0
vt 0.707792 0.4422 0
vt 0.937309 0.303276 0
vt 0.945703 0.301195 0
vt 0.649526 0.332686 0
vt 0.712716 0.453383 0
vt 0.798158 0.482057 0
vt 0.802669 0.482103 0
vt 0.794266 0.506538 0
vt 0.827793 0.308692 0
vt 0.376703 0.889689 0
vt 0.359385 0.892094 0
vt 0.364571 0.885614 0
vt 0.364395 0.720961 0
vt 0.354187 0.66549 0
vt 0.367139 0.661605 0
vt 0.286053 0.652403 0
vt 0.297262 0.651672 0
vt 0.307216 0.71746 0
vt 0.570391 0.726734 0
vt 0.577541 0.724658 0
vt 0.562755 0.827712 0
vt 0.487057 0.716249 0
vt 0.480681 0.689684 0
vt 0.498236 0.663203 0
vt 0.325669 0.795035 0
vt 0.313038 0.699867 0
vt 0.336112 0.793756 0
vt 0.53261 0.635182 0
vt 0.523682 0.766539 0
vt 0.521114 0.736324 0
vt 0.414326 0.733135 0
vt 0.427759 0.749356 0
vt 0.426944 0.798345 0
vt 0.488733 0.947911 0
vt 0.470122 0.949072 0
vt 0.469131 0.936171 0
vt 0.556774 0.823283 0
vt 0.546665 0.798976 0
vt 0.451815 0.945942 0
vt 0.451784 0.969382 0
vt 0.519121 0.890945 0
vt 0.501116 0.890302 0
vt 0.511447 0.884932 0
vt 0.384751 0.643048 0
vt 0.396416 0.639108 0
vt 0.394501 0.666597 0
vt 0.482668 0.887625 0
vt 0.458734 0.87941 0
vt 0.487238 0.880036 0
vt 0.391948 0.888837 0
vt 0.3841 0.883603 0
vt 0.41233 0.881413 0
vt 0.520686 0.683733 0
vt 0.342591 0.894446 0
vt 0.329159 0.89106 0
vt 0.34915 0.887557 0
vt 0.383773 0.814748 0
vt 0.377135 0.727466 0
vt 0.392612 0.811 0
vt 0.357216 0.842558 0
vt 0.368534 0.836603 0
vt 0.378745 0.83722 0
vt 0.541628 0.887512 0
vt 0.588214 0.90211 0
vt 0.583631 0.89558 0
vt 0.604849 0.901053 0
vt 0.467544 0.988357 0
vt 0.475987 0.965235 0
vt 0.321768 0.834881 0
vt 0.294397 0.725632 0
vt 0.317932 0.803915 0
vt 0.294442 0.900168 0
vt 0.292028 0.905159 0
vt 0.274684 0.91044 0
vt 0.430219 0.889179 0
vt 0.412343 0.890025 0
vt 0.425762 0.881855 0
vt 0.455102 0.729257 0
vt 0.468575 0.721222 0
vt 0.463563 0.760572 0
vt 0.463428 0.927299 0
vt 0.471139 0.918966 0
vt 0.494338 0.937052 0
vt 0.502509 0.762107 0
vt 0.511715 0.724468 0
vt 0.511324 0.770189 0
vt 0.48733 0.92201 0
vt 0.407477 0.720989 0
vt 0.408886 0.668053 0
vt 0.41716 0.949414 0
vt 0.429586 0.947685 0
vt 0.42932 0.961756 0
vt 0.447872 0.881808 0
vt 0.447802 0.888359 0
vt 0.433804 0.706098 0
vt 0.423862 0.626765 0
vt 0.436726 0.626457 0
vt 0.309905 0.838461 0
vt 0.294175 0.768611 0
vt 0.622001 0.910433 0
vt 0.605156 0.906524 0
vt 0.462774 0.671387 0
vt 0.470002 0.661707 0
vt 0.443419 0.86142 0
vt 0.445536 0.872686 0
vt 0.427132 0.872796 0
vt 0.571771 0.898234 0
vt 0.555637 0.890032 0
vt 0.328806 0.652366 0
vt 0.337911 0.63827 0
vt 0.342507 0.729843 0
vt 0.327438 0.881063 0
vt 0.340785 0.866319 0
vt 0.348834 0.879563 0
vt 0.544832 0.670623 0
vt 0.55279 0.677271 0
vt 0.530476 0.811025 0
vt 0.462668 0.873042 0
vt 0.484229 0.872415 0
vt 0.45755 0.861614 0
vt 0.278854 0.880388 0
vt 0.29278 0.887593 0
vt 0.267898 0.896559 0
vt 0.304673 0.871396 0
vt 0.318552 0.867871 0
vt 0.315038 0.88191 0
vt 0.510394 0.879917 0
vt 0.525769 0.866105 0
vt 0.539596 0.878611 0
vt 0.50126 0.864237 0
vt 0.499661 0.876931 0
vt 0.380091 0.865503 0
vt 0.394329 0.863592 0
vt 0.375795 0.877151 0
vt 0.354821 0.86702 0
vt 0.418451 0.975291 0
vt 0.43469 0.963765 0
vt 0.440523 0.98976 0
vt 0.396939 0.873077 0
vt 0.413544 0.875506 0
vt 0.409537 0.862543 0
vt 0.426559 0.861075 0
vt 0.443962 0.924449 0
vt 0.454781 0.91482 0
vt 0.540902 0.867399 0
vt 0.549047 0.880948 0
vt 0.557127 0.871527 0
vt 0.482082 0.977786 0
vt 0.489637 0.969343 0
vt 0.367299 0.83318 0
vt 0.368226 0.821332 0
vt 0.387627 0.825303 0
vt 0.354153 0.802002 0
vt 0.35221 0.731685 0
vt 0.363502 0.773098 0
vt 0.453258 0.803556 0
vt 0.46695 0.810815 0
vt 0.447628 0.814686 0
vt 0.448631 0.725418 0
vt 0.448942 0.779515 0
vt 0.441626 0.786402 0
vt 0.454392 0.990474 0
vt 0.574165 0.834185 0
vt 0.582799 0.748222 0
vt 0.437373 0.812471 0
vt 0.433945 0.804619 0
vt 0.421914 0.807005 0
vt 0.589609 0.879411 0
vt 0.605051 0.885493 0
vt 0.606468 0.892589 0
vt 0.617031 0.889945 0
vt 0.533278 0.821715 0
vt 0.515611 0.819466 0
vt 0.523683 0.81066 0
vt 0.552482 0.771943 0
vt 0.555085 0.897016 0
vt 0.412604 0.814633 0
vt 0.396515 0.827032 0
vt 0.401529 0.812843 0
vt 0.469558 0.79773 0
vt 0.471059 0.805347 0
vt 0.482687 0.747731 0
vt 0.47174 0.769068 0
vt 0.304736 0.884687 0
vt 0.293541 0.877084 0
vt 0.56976 0.672224 0
vt 0.561679 0.673876 0
vt 0.387868 0.831454 0
vt 0.410099 0.823332 0
vt 0.394566 0.835736 0
vt 0.487258 0.788385 0
vt 0.478919 0.799962 0
vt 0.492169 0.783293 0
vt 0.491387 0.801598 0
vt 0.323654 0.897822 0
vt 0.310211 0.896449 0
vt 0.471377 0.86186 0
vt 0.423577 0.716928 0
vt 0.358561 0.824351 0
vt 0.332192 0.806311 0
vt 0.344058 0.812846 0
vt 0.498319 0.932614 0
vt 0.499902 0.949017 0
vt 0.496772 0.958503 0
vt 0.442813 0.677487 0
vt 0.468214 0.627784 0
vt 0.452298 0.627733 0
vt 0.590693 0.88965 0
vt 0.311952 0.650011 0
vt 0.43324 0.91996 0
vt 0.437043 0.930319 0
vt 0.420133 0.934365 0
vt 0.501903 0.819096 0
vt 0.486003 0.81541 0
vt 0.514235 0.805003 0
vt 0.503587 0.807963 0
vt 0.570865 0.874659 0
vt 0.581788 0.885022 0
vt 0.559833 0.881948 0
vt 0.502979 0.796288 0
vt 0.428817 0.820359 0
vt 0.404434 0.765322 0
vt 0.415658 0.792469 0
vt 0.406903 0.79129 0
vt 0.58163 0.847026 0
vt 0.559666 0.834904 0
vt 0.572688 0.838143 0
vt 0.467805 0.886761 0
vt 0.329526 0.86595 0
vt 0.542466 0.638768 0
vt 0.624012 0.906869 0
vt 0.273892 0.906518 0
vt 0.344841 0.806128 0
vt 0.324957 0.694138 0
vt 0.430527 0.825444 0
vt 0.463263 0.817016 0
vt 0.442401 0.822548 0
vt 0.36669 0.86689 0
vt 0.50967 0.629292 0
vt 0.500057 0.749842 0
vt 0.513561 0.866021 0
vt 0.380464 0.674179 0
vt 0.388918 0.754083 0
vt 0.331869 0.817444 0
vt 0.343357 0.829463 0
vt 0.548546 0.820202 0
vt 0.540018 0.814203 0
vt 0.35888 0.878073 0
vt 0.326194 0.804718 0
vt 0.500191 0.883381 0
vt 0.480538 0.806967 0
vt 0.485262 0.913765 0
vt 0.472726 0.913129 0
vt 0.538895 0.830379 0
vt 0.542714 0.825387 0
vt 0.447443 0.668242 0
vt 0.392144 0.73962 0
vt 0.398912 0.764838 0
vt 0.359429 0.836574 0
vt 0.342153 0.838647 0
vt 0.335103 0.84282 0
vt 0.605011 0.647946 0
vt 0.594981 0.684683 0
vt 0.59096 0.64461 0
vt 0.28195 0.68142 0
vt 0.27049 0.692116 0
vt 0.264597 0.6544 0
vt 0.370225 0.728616 0
vt 0.434295 0.878609 0
vt 0.478855 0.758425 0
vt 0.491966 0.74519 0
vt 0.376618 0.818304 0
vt 0.369259 0.773028 0
vt 0.307062 0.901555 0
vt 0.48679 0.754378 0
vt 0.359493 0.631848 0
vt 0.37072 0.629374 0
vt 0.581031 0.677596 0
vt 0.281543 0.725413 0
vt 0.493283 0.756717 0
vt 0.354527 0.721272 0
vt 0.345558 0.633685 0
vt 0.451632 0.796321 0
vt 0.45125 0.787207 0
vt 0.459072 0.783987 0
vt 0.437769 0.992761 0
vt 0.463435 0.993638 0
vt 0.426818 0.984156 0
vt 0.576906 0.641137 0
vt 0.401471 0.738093 0
vt 0.439894 0.939384 0
vt 0.281136 0.896424 0
vt 0.624221 0.895045 0
vt 0.411258 0.628267 0
vt 0.537002 0.893782 0
vt 0.494256 0.921884 0
vt 0.482235 0.9829 0
vt 0.50001 0.962819 0
vt 0.405823 0.748325 0
vt 0.398349 0.748713 0
vt 0.456193 0.664701 0
vt 0.459033 0.705153 0
vt 0.452127 0.688003 0
vt 0.454189 0.71301 0
vt 0.420041 0.683595 0
vt 0.283748 0.755689 0
vt 0.285689 0.735741 0
vt 0.276676 0.734291 0
vt 0.511986 0.685536 0
vt 0.613526 0.877654 0
vt 0.484089 0.862546 0
vt 0.382333 0.629156 0
vt 0.450705 0.674874 0
vt 0.455149 0.674369 0
vt 0.327632 0.839296 0
vt 0.334525 0.831145 0
vt 0.310311 0.842901 0
vt 0.626819 0.881641 0
vt 0.264597 0.883554 0
vt 0.441437 0.721325 0
vt 0.564768 0.855311 0
vt 0.550533 0.865361 0
vt 0.580195 0.863693 0
vt 0.482815 0.629239 0
vt 0.497059 0.629185 0
vt 0.488883 0.65987 0
vt 0.595033 0.868532 0
vt 0.606016 0.873029 0
vt 0.450914 0.909771 0
vt 0.463267 0.908477 0
vt 0.565443 0.641869 0
vt 0.552551 0.640158 0
vt 0.347292 0.818682 0
vt 0.412728 0.946056 0
vt 0.412731 0.969442 0
vt 0.337668 0.847016 0
vt 0.364433 0.743016 0
vt 0.36114 0.728613 0
vt 0.474836 0.815501 0
vt 0.520348 0.631168 0
vt 0.417139 0.931098 0
vt 0.349397 0.844527 0
vt 0.32315 0.844965 0
vt 0.431145 0.917799 0
vt 0.277762 0.651747 0
vt 0.585049 0.725861 0
vt 0.398985 0.629393 0
vt 0.195688 0.726636 0
vt 0.21271 0.726192 0
vt 0.212862 0.737037 0
vt 0.195865 0.738522 0
vt 0.214013 0.747556 0
vt 0.197272 0.749707 0
vt 0.21575 0.758093 0
vt 0.19924 0.760111 0
vt 0.217278 0.768963 0
vt 0.200807 0.7701 0
vt 0.217841 0.780189 0
vt 0.201396 0.779992 0
vt 0.216969 0.791501 0
vt 0.200329 0.789824 0
vt 0.214975 0.802537 0
vt 0.198226 0.799678 0
vt 0.212515 0.813252 0
vt 0.195619 0.809896 0
vt 0.210396 0.823868 0
vt 0.193437 0.820935 0
vt 0.209139 0.834692 0
vt 0.19241 0.832797 0
vt 0.20863 0.845934 0
vt 0.192685 0.84474 0
vt 0.196783 0.714848 0
vt 0.213167 0.714719 0
vt 0.181623 0.722357 0
vt 0.181996 0.733787 0
vt 0.183433 0.745017 0
vt 0.185022 0.756317 0
vt 0.186044 0.767858 0
vt 0.18619 0.77953 0
vt 0.185417 0.791152 0
vt 0.183725 0.802569 0
vt 0.181413 0.813713 0
vt 0.179222 0.824823 0
vt 0.178083 0.836217 0
vt 0.178839 0.847926 0
vt 0.183153 0.71074 0
vt 0.165049 0.718593 0
vt 0.165091 0.730097 0
vt 0.165834 0.741691 0
vt 0.166709 0.753632 0
vt 0.167183 0.766088 0
vt 0.166989 0.778902 0
vt 0.166437 0.791692 0
vt 0.165208 0.804075 0
vt 0.163573 0.815928 0
vt 0.162067 0.82746 0
vt 0.16128 0.838946 0
vt 0.161574 0.85055 0
vt 0.166089 0.707038 0
vt 0.150401 0.718128 0
vt 0.149405 0.730047 0
vt 0.148467 0.742016 0
vt 0.147597 0.754025 0
vt 0.146857 0.766094 0
vt 0.146381 0.778215 0
vt 0.146127 0.790338 0
vt 0.146127 0.802421 0
vt 0.146246 0.81446 0
vt 0.146364 0.826515 0
vt 0.146621 0.838537 0
vt 0.146843 0.85035 0
vt 0.151362 0.706359 0
vt 0.129129 0.716577 0
vt 0.12918 0.72843 0
vt 0.129419 0.740458 0
vt 0.129706 0.752694 0
vt 0.129851 0.76513 0
vt 0.129668 0.777659 0
vt 0.129078 0.790164 0
vt 0.128158 0.802539 0
vt 0.128771 0.816759 0
vt 0.12739 0.828555 0
vt 0.125255 0.838918 0
vt 0.124719 0.850592 0
vt 0.129352 0.70487 0
vt 0.114145 0.716677 0
vt 0.114564 0.728606 0
vt 0.115108 0.740636 0
vt 0.115647 0.75276 0
vt 0.115965 0.764966 0
vt 0.115834 0.777208 0
vt 0.115196 0.789433 0
vt 0.114106 0.801578 0
vt 0.114677 0.815104 0
vt 0.11302 0.826995 0
vt 0.110267 0.837797 0
vt 0.109222 0.849542 0
vt 0.1139 0.704883 0
vt 0.0982712 0.716649 0
vt 0.0995528 0.728364 0
vt 0.101192 0.740194 0
vt 0.102846 0.752234 0
vt 0.104014 0.76452 0
vt 0.104243 0.776962 0
vt 0.103182 0.789356 0
vt 0.101206 0.801528 0
vt 0.0987865 0.813436 0
vt 0.0964234 0.825163 0
vt 0.0943595 0.836797 0
vt 0.0927874 0.848428 0
vt 0.0974678 0.70495 0
vt 0.0824801 0.717503 0
vt 0.0834844 0.729281 0
vt 0.0845877 0.741058 0
vt 0.085575 0.752828 0
vt 0.0861643 0.7646 0
vt 0.0861123 0.77637 0
vt 0.0853871 0.788119 0
vt 0.0840288 0.799828 0
vt 0.0822844 0.811517 0
vt 0.0804296 0.823209 0
vt 0.0786626 0.834896 0
vt 0.0770552 0.846563 0
vt 0.0816401 0.705758 0
vt 0.0663856 0.717898 0
vt 0.0671066 0.729578 0
vt 0.0678176 0.741213 0
vt 0.0683836 0.752787 0
vt 0.0686467 0.76431 0
vt 0.0684832 0.775799 0
vt 0.0678937 0.787276 0
vt 0.0668806 0.798759 0
vt 0.0655655 0.810277 0
vt 0.0641034 0.821845 0
vt 0.0626268 0.833453 0
vt 0.0612135 0.845082 0
vt 0.0657315 0.706202 0
vt 0.0500403 0.717995 0
vt 0.0505402 0.729587 0
vt 0.0509961 0.741102 0
vt 0.0513113 0.752537 0
vt 0.0513919 0.763908 0
vt 0.0511707 0.775238 0
vt 0.0506529 0.786559 0
vt 0.0498322 0.797902 0
vt 0.0487747 0.809296 0
vt 0.047573 0.820758 0
vt 0.0463223 0.832294 0
vt 0.0451043 0.843903 0
vt 0.0495782 0.706332 0
vt 0.0334938 0.718001 0
vt 0.0338585 0.729523 0
vt 0.0341697 0.740935 0
vt 0.0343487 0.752248 0
vt 0.0343306 0.763489 0
vt 0.0340753 0.774684 0
vt 0.0336021 0.785873 0
vt 0.0328882 0.79709 0
vt 0.0319734 0.80837 0
vt 0.0309229 0.819739 0
vt 0.0298112 0.831212 0
vt 0.0287208 0.842806 0
vt 0.0331574 0.706366 0
vt 0.0198354 0.706475 0
vt 0.0201311 0.718092 0
vt 0.015347 0.717305 0
vt 0.0151094 0.707456 0
vt 0.0156547 0.728766 0
vt 0.0154155 0.719018 0
vt 0.0204509 0.729546 0
vt 0.0159174 0.740066 0
vt 0.0157349 0.730406 0
vt 0.020714 0.740859 0
vt 0.0160612 0.751233 0
vt 0.0159882 0.741645 0
vt 0.0208477 0.752056 0
vt 0.0160269 0.762306 0
vt 0.016103 0.752768 0
vt 0.0207943 0.763171 0
vt 0.0157793 0.773327 0
vt 0.0160244 0.763819 0
vt 0.0205193 0.774243 0
vt 0.0153565 0.784357 0
vt 0.0157295 0.77485 0
vt 0.0200734 0.785313 0
vt 0.0147155 0.795388 0
vt 0.0152604 0.785867 0
vt 0.0194037 0.796407 0
vt 0.0138762 0.80648 0
vt 0.0145736 0.796917 0
vt 0.018542 0.807572 0
vt 0.0128949 0.817683 0
vt 0.0137026 0.808054 0
vt 0.0175453 0.818846 0
vt 0.0118382 0.829026 0
vt 0.0127084 0.819313 0
vt 0.0164836 0.830256 0
vt 0.0107822 0.840543 0
vt 0.0116584 0.830731 0
vt 0.0154348 0.841828 0
vt 0.222922 0.900519 0
vt 0.223176 0.913096 0
vt 0.199579 0.907283 0
vt 0.217108 0.924117 0
vt 0.206341 0.930625 0
vt 0.193762 0.930878 0
vt 0.182746 0.924811 0
vt 0.176237 0.914045 0
vt 0.175983 0.901468 0
vt 0.182051 0.890448 0
vt 0.192817 0.88394 0
vt 0.205394 0.883685 0
vt 0.216413 0.889754 0

# 1532 vertex normals
vn -0.663835 -0.146055 -0.733479
vn -0.745839 -0.276605 -0.605982
vn -0.665887 -0.0135809 -0.745929
vn -0.119152 0.644173 0.755542
vn -0.0730807 0.654462 0.752555
vn -0.359523 0.371511 0.855992
vn 0.954171 0.138734 -0.265161
vn 0.982097 0.151748 -0.111612
vn 0.95434 0.204701 -0.21756
vn -0.970841 0.126938 0.203358
vn -0.944844 0.151865 0.290185
vn -0.931146 0.183431 0.315151
vn -0.625714 0.161438 -0.763165
vn -0.597722 0.228315 -0.768506
vn -0.670086 0.193393 -0.716647
vn -0.445966 0.889004 -0.103859
vn -0.430735 0.899857 -0.0687451
vn -0.391167 0.906368 -0.159643
vn -0.920053 0.174508 -0.350783
vn -0.986219 0.1542 0.0599468
vn -0.971547 0.217924 -0.092769
vn -0.218636 0.193798 -0.956369
vn -0.469321 0.184135 -0.863616
vn -0.423562 0.160293 -0.891572
vn 0.118603 0.916148 0.382891
vn -0.0908403 0.991681 -0.0912012
vn 0.0336635 0.992084 0.120978
vn 0.612118 0.172825 -0.771649
vn 0.694016 0.16095 -0.701739
vn 0.668685 0.194947 -0.717535
vn 0.21743 0.31101 0.925201
vn 0.017542 0.218597 0.975658
vn 0.295602 0.0943193 0.950644
vn 0.976702 0.126294 -0.173502
vn 0.907151 0.150068 0.393138
vn 0.843721 0.141996 0.51766
vn 0.840155 0.144441 0.522759
vn 0.0846966 -0.415743 0.90553
vn 0.231004 -0.468704 0.852616
vn 0.259451 -0.319239 0.911467
vn 0.839285 -0.516207 0.170677
vn 0.966935 -0.187985 -0.172334
vn 0.926651 -0.364327 0.0926473
vn 0.768543 -0.416678 0.485512
vn 0.892633 -0.243711 0.379226
vn 0.743481 -0.0417262 0.667454
vn -0.49547 0.851217 0.173029
vn 0.60316 0.13584 -0.785968
vn 0.635089 0.180536 -0.751045
vn 0.664424 0.125888 -0.736677
vn -0.516203 0.0367728 0.855677
vn -0.666733 0.0764853 0.741362
vn -0.616362 0.11305 0.779306
vn -0.653209 0.188313 0.733387
vn -0.721162 0.168528 0.671955
vn -0.67427 0.248701 0.695347
vn -0.379409 0.910048 -0.16692
vn -0.328219 0.914228 -0.237613
vn -0.461423 0.865542 -0.194744
vn 0.739849 0.155814 0.654481
vn 0.700677 0.139357 0.699737
vn -0.426438 0.893259 0.142262
vn -0.642571 0.587457 -0.491932
vn -0.492454 0.565787 -0.661343
vn 0.130165 0.957189 -0.258546
vn -0.0474754 0.926607 -0.373023
vn 0.23807 0.912479 -0.332724
vn 0.252803 0.966983 -0.0321732
vn 0.244922 0.969535 0.00388674
vn 0.277371 0.953371 -0.11895
vn 0.437001 0.165759 0.884055
vn 0.524806 0.136911 0.840139
vn 0.409435 0.154009 0.899247
vn 0.466245 0.564181 0.681406
vn 0.400452 0.360523 0.842414
vn 0.27556 0.544849 0.791963
vn -0.174922 0.184875 -0.96707
vn -0.194481 0.179945 -0.96426
vn -0.124245 0.175119 -0.976676
vn 0.533167 0.268648 0.802222
vn 0.563031 0.539979 0.625635
vn 0.746154 0.435783 0.503337
vn 0.765751 0.520222 0.378146
vn 0.711547 0.535829 0.45452
vn 0.329664 0.176886 -0.92738
vn 0.0933111 0.181001 -0.979046
vn 0.0648038 0.151999 -0.986254
vn 0.284055 0.33071 -0.899969
vn 0.193512 0.413986 -0.889476
vn 0.0212175 0.320936 -0.946863
vn 0.441491 0.605383 -0.662267
vn 0.574455 0.573593 -0.583945
vn 0.52857 0.649338 -0.546786
vn 0.472011 -0.460407 -0.751819
vn 0.548339 -0.223486 -0.80584
vn 0.660773 -0.32926 -0.674513
vn -0.193203 0.19053 0.962481
vn -0.292916 0.209934 0.932807
vn -0.274984 0.183806 0.943716
vn -0.575889 0.183289 0.796716
vn -0.561094 0.187215 0.806303
vn 0.95448 0.00228318 -0.298265
vn 0.951107 0.188212 -0.244892
vn 0.928667 0.29871 -0.219886
vn 0.962909 0.0619507 -0.262619
vn 0.972085 0.103343 -0.210643
vn -0.986555 -0.0824938 0.141081
vn -0.843237 -0.481314 0.239348
vn -0.88671 -0.307097 0.345595
vn 0.95829 0.284515 -0.0270683
vn 0.929092 0.291417 0.227737
vn 0.181613 0.972642 0.144857
vn -0.851989 0.143536 -0.503501
vn -0.787963 0.120395 -0.603837
vn -0.810996 0.149504 -0.565628
vn -0.831418 0.161106 -0.53178
vn -0.78426 0.154133 -0.600982
vn -0.945168 0.132954 -0.298296
vn -0.922552 0.217744 -0.318568
vn -0.95463 -0.112218 -0.275842
vn -0.582338 0.792627 -0.180625
vn -0.88552 0.458375 -0.075807
vn -0.851547 0.521546 -0.053461
vn -0.671058 0.521798 -0.526695
vn -0.583758 0.516868 -0.626158
vn -0.617762 0.264965 0.74038
vn 0.120988 -0.216114 0.968843
vn -0.870476 0.462217 0.169192
vn -0.724672 0.517193 0.45537
vn -0.73436 0.593144 0.329994
vn -0.0938278 0.216233 0.971823
vn -0.131965 0.134684 0.982062
vn 0.477649 0.0978306 0.873087
vn -0.262564 0.91403 0.309208
vn -0.476926 0.860883 0.177262
vn -0.215772 0.976314 0.0159079
vn -0.0530631 0.188152 -0.980705
vn 0.577729 0.105047 0.809441
vn 0.547645 0.0556774 0.834856
vn 0.784631 -0.0125649 0.619836
vn 0.719818 0.0724442 0.690373
vn 0.195322 0.190471 -0.962066
vn 0.0199477 0.403521 -0.914753
vn -0.113604 0.540724 -0.833493
vn 0.295988 0.106029 -0.949289
vn -0.78296 0.276734 0.557128
vn -0.703907 0.577908 0.412962
vn -0.872906 0.384223 0.30068
vn -0.854989 0.479306 0.198137
vn 0.845512 0.473293 0.247191
vn 0.00674027 0.99524 0.0972173
vn 0.431038 0.797135 0.422826
vn -0.749766 0.660913 -0.0323321
vn 0.121389 0.989225 -0.0818478
vn -0.0864451 0.965505 -0.245615
vn -0.966955 0.241429 0.0819103
vn -0.943928 0.161815 -0.287777
vn 0.0162773 0.146522 -0.989074
vn 0.0538138 0.0309458 -0.998071
vn 0.120199 0.111418 -0.986478
vn -0.139555 0.24831 -0.958575
vn -0.0752812 -0.0845164 -0.993574
vn -0.934853 -0.0395725 -0.352821
vn -0.931006 -0.0651919 -0.359135
vn 0.762512 0.309671 0.568049
vn 0.920855 0.111625 0.373586
vn 0.948146 0.137429 0.286587
vn 0.983124 0.150855 0.103494
vn 0.992253 0.109516 0.0586484
vn 0.377349 0.578669 -0.723014
vn 0.774894 -0.0386793 -0.630907
vn -0.281786 0.955352 -0.0888744
vn -0.406788 0.912687 -0.0390557
vn -0.381584 0.914736 -0.132859
vn 0.233435 0.970282 0.0637261
vn 0.855935 0.0555318 0.514092
vn 0.811449 0.0913895 0.577234
vn 0.866452 0.134313 0.480854
vn 0.977418 0.099366 0.186496
vn -0.536878 0.191727 0.821585
vn -0.564255 0.283413 0.775431
vn -0.69672 -0.518967 0.495232
vn 0.959421 0.154882 0.235634
vn 0.855232 0.508667 0.0991798
vn 0.143842 0.207448 -0.967613
vn 0.308548 -0.182188 -0.933598
vn -0.525331 0.228174 0.819734
vn -0.44924 0.182635 0.874545
vn -0.426452 0.189532 0.88443
vn -0.275287 0.78439 -0.555832
vn -0.331205 0.890409 -0.31221
vn 0.279987 0.564271 -0.776663
vn 0.59361 -0.0208676 -0.804482
vn 0.697116 0.0448754 -0.715553
vn -0.514694 0.160523 -0.842213
vn -0.372981 -0.354093 -0.857615
vn -0.915628 0.108695 0.387054
vn -0.895594 0.0894542 0.435787
vn -0.592802 0.26147 0.761721
vn 0.393721 0.705893 -0.588811
vn 0.857197 0.00301791 -0.514981
vn 0.896206 0.423134 -0.133313
vn 0.600238 -0.295769 0.743125
vn -0.598103 0.382708 -0.704136
vn -0.358183 0.317483 -0.878015
vn -0.171309 0.296888 -0.93942
vn -0.163551 0.0849677 0.982869
vn -0.275246 0.127243 0.952916
vn -0.269607 0.142975 0.952298
vn -0.569343 0.0331102 0.821433
vn -0.371482 0.06831 0.925924
vn 0.978909 0.0223833 -0.203069
vn 0.919556 0.0387291 -0.391046
vn -0.913501 0.249675 -0.321215
vn -0.823909 0.266318 -0.500249
vn -0.39648 0.833086 -0.385709
vn -0.125217 0.874382 -0.468803
vn -0.37133 0.902497 -0.218204
vn -0.0759664 0.908338 -0.411279
vn 0.59649 0.096675 0.796777
vn -0.209023 0.117059 -0.970879
vn 0.273 0.128366 -0.953411
vn -0.21832 0.117148 -0.96882
vn -0.993485 0.113115 0.0138557
vn -0.978924 0.0832885 -0.186468
vn -0.993845 0.100508 -0.0465778
vn -0.963288 0.218676 -0.155744
vn -0.903187 0.398276 -0.160094
vn -0.183176 -0.159033 0.970131
vn -0.330867 -0.28441 0.899799
vn 0.757977 0.181515 -0.626516
vn 0.756318 0.158808 -0.634636
vn 0.813971 0.318407 -0.485869
vn -0.0967747 0.00457845 -0.995296
vn -0.175768 -0.0134635 -0.98434
vn -0.242809 0.097142 -0.965198
vn -0.334151 0.0454959 -0.941421
vn -0.524603 0.187102 -0.830532
vn -0.359878 0.463794 0.809557
vn 0.987511 0.0652392 0.143407
vn 0.932948 -0.0146451 -0.359714
vn 0.178909 0.979576 0.0917705
vn 0.208626 0.307167 0.928506
vn 0.0457867 0.681029 0.730824
vn 0.0815088 0.069268 0.994263
vn 0.0631189 0.19368 0.979032
vn 0.251745 0.0859953 0.963965
vn -0.849884 0.156442 0.503213
vn -0.727635 0.0273543 0.685419
vn -0.896138 0.210016 0.390934
vn -0.730228 0.194544 0.65492
vn 0.887231 0.135352 -0.441022
vn 0.760367 0.137985 -0.634668
vn 0.818147 0.0182427 -0.574719
vn -0.177105 0.982964 -0.0491501
vn -0.255605 0.964751 -0.0626158
vn -0.253246 0.967135 -0.0227396
vn 0.879682 0.315547 -0.355795
vn -0.927443 -0.369373 -0.0584144
vn 0.607091 0.159032 0.778556
vn 0.623783 0.53265 0.571996
vn 0.503847 0.195222 -0.841443
vn -0.414352 0.793958 0.444909
vn -0.534426 0.176935 -0.826488
vn -0.778447 0.342633 -0.525949
vn 0.734562 -0.123681 -0.667175
vn -0.145418 0.147398 0.978329
vn -0.404077 0.406367 0.819505
vn 0.774972 0.382588 -0.503035
vn 0.600734 0.258568 -0.75648
vn 0.998661 0.0509168 0.00911265
vn 0.969417 0.0648494 -0.236696
vn 0.950675 -0.00127575 0.310185
vn -0.783968 0.143168 0.604068
vn -0.903317 0.0560821 -0.425291
vn 0.0640031 0.251497 -0.965739
vn -0.253482 0.957836 -0.135265
vn -0.77365 0.550887 -0.313032
vn 0.954443 0.115373 -0.275185
vn -0.978279 0.181031 0.100988
vn -0.968736 0.219195 -0.116206
vn -0.979258 0.194726 0.0559903
vn 0.681079 0.104751 -0.724678
vn 0.348169 0.00633208 -0.93741
vn -0.72369 0.609318 0.324043
vn -0.516085 0.147531 -0.843736
vn -0.794601 0.11554 -0.596036
vn 0.286828 0.0986965 0.952884
vn 0.137145 0.258881 0.956124
vn 0.491618 0.120593 -0.86242
vn -0.774194 0.597915 -0.207656
vn -0.905711 0.15054 0.396264
vn -0.890215 0.140321 0.43339
vn -0.138112 0.235717 0.961958
vn 0.393459 0.127862 0.910407
vn 0.450679 0.163043 0.87767
vn 0.962449 -0.152445 -0.224615
vn 0.934679 0.117504 0.335511
vn -0.520764 0.849969 0.0797404
vn -0.999134 -0.0166514 -0.0381365
vn -0.372866 0.220234 0.90137
vn 0.147371 -0.244589 0.958362
vn 0.992879 0.0954585 0.071264
vn -0.108913 0.918791 0.379423
vn 0.95761 0.192629 -0.21419
vn 0.834904 0.215688 -0.506374
vn -0.86544 -0.117367 -0.487071
vn -0.831071 0.255087 -0.494218
vn 0.40517 0.125163 -0.905633
vn 0.475481 0.175174 -0.862109
vn 0.931523 0.0517252 0.359984
vn -0.811246 0.0797798 -0.579237
vn -0.937857 0.161977 0.3069
vn -0.917944 0.198382 0.343546
vn -0.683369 0.689803 0.239123
vn 0.212538 0.12134 -0.96959
vn -0.938342 0.174659 0.298344
vn -0.961878 0.204449 0.181633
vn -0.984212 0.113045 -0.136187
vn -0.448968 0.194928 -0.872027
vn -0.465518 0.807155 -0.363035
vn -0.222943 0.846975 -0.482628
vn -0.439519 0.685858 -0.580019
vn -0.690221 -0.238255 0.68325
vn -0.0575902 0.997391 -0.0435226
vn 0.98993 0.0740207 0.12066
vn 0.973329 0.13983 -0.181874
vn -0.857712 0.229378 -0.460126
vn -0.0938274 0.158001 0.982971
vn -0.336506 0.93932 -0.0666447
vn -0.420824 0.890989 -0.170427
vn -0.383372 0.903626 -0.191011
vn 0.906932 0.371155 -0.199294
vn -0.416704 0.116759 0.901513
vn -0.720719 0.144408 -0.67802
vn -0.971557 0.176846 0.157489
vn -0.810496 0.584219 -0.0422518
vn 0.915292 0.19729 -0.351164
vn 0.907556 0.33135 -0.25797
vn 0.0424866 0.232575 -0.97165
vn 0.195694 0.240336 -0.950759
vn -0.739878 0.590469 0.322379
vn -0.955058 0.252301 0.155593
vn -0.844833 0.0902619 0.527361
vn 0.867117 0.106379 -0.486612
vn 0.681745 0.157194 0.714502
vn 0.889956 0.153143 0.429564
vn -0.0417549 0.167811 -0.984934
vn 0.891542 0.13559 -0.432168
vn 0.796116 0.170425 0.58065
vn -0.884421 0.3739 -0.27928
vn -0.58214 0.0378682 0.812206
vn -0.278726 0.314357 0.907464
vn -0.0327907 0.250493 -0.967563
vn -0.781268 0.2048 0.589641
vn -0.816407 0.135796 0.561283
vn -0.921886 0.131609 0.364424
vn 0.576637 0.141221 -0.804702
vn -0.519536 0.191726 -0.83266
vn -0.682826 0.145012 -0.716045
vn 0.297509 -0.954642 0.0121176
vn 0.0669616 -0.997557 0.0198962
vn 0.435551 -0.895588 -0.0906555
vn -0.990076 0.0669412 -0.123568
vn -0.983885 0.0895742 -0.154748
vn -0.92939 0.0767617 -0.36103
vn -0.612484 0.0736956 -0.78704
vn -0.52232 0.0718854 -0.849714
vn -0.690823 0.0708002 -0.719549
vn -0.654548 0.05686 0.753879
vn -0.750878 0.053973 0.658231
vn -0.714465 0.0997694 0.692521
vn 0.952417 -0.0344156 -0.30285
vn 0.972148 0.0545368 -0.227936
vn 0.887534 0.0530583 -0.457678
vn 0.0322664 0.0950081 0.994953
vn 0.262292 0.0815573 0.961536
vn 0.139087 0.0683634 0.987918
vn 0.997566 0.0676417 0.0169026
vn 0.996569 -0.0135401 -0.0816469
vn 0.43648 0.0757344 -0.896521
vn 0.35111 0.098295 -0.93116
vn 0.277688 0.0757486 -0.95768
vn -0.100487 0.987955 -0.117678
vn -0.085091 0.984687 -0.152157
vn -0.13368 0.978449 -0.157373
vn 0.380155 -0.850549 -0.363385
vn 0.410862 -0.794072 -0.447931
vn 0.71591 -0.58152 -0.386404
vn 0.071895 -0.979691 -0.187181
vn -0.0556629 -0.997555 -0.0422667
vn -0.0145451 -0.993206 -0.115456
vn -0.795189 0.0693649 -0.602381
vn -0.799543 0.0719498 -0.596283
vn -0.873129 0.0989074 -0.47735
vn 0.233921 0.961743 -0.14259
vn 0.156517 0.98727 0.0282888
vn 0.332872 0.931876 -0.144235
vn 0.911891 -0.372101 -0.173195
vn 0.714699 0.0360248 0.698504
vn 0.582469 0.0703685 0.809801
vn 0.755787 0.0667079 0.65141
vn -0.271838 0.875571 -0.399348
vn -0.56336 0.709595 -0.423203
vn -0.665237 0.514159 -0.541388
vn 0.49514 0.067508 0.866187
vn -0.898926 0.0670835 0.432933
vn -0.946139 0.0923616 0.310308
vn -0.879589 0.0782672 0.469251
vn -0.559214 -0.7935 0.240078
vn -0.895246 -0.441806 0.057813
vn -0.376727 -0.926266 0.0104261
vn -0.632532 0.227665 0.740319
vn -0.661376 -0.254209 0.705662
vn -0.544771 -0.590963 0.594968
vn -0.0109177 -0.969538 0.244699
vn 0.0424254 -0.86768 0.495309
vn -0.0259353 -0.626532 0.778964
vn -0.475718 0.535943 -0.697465
vn -0.454178 0.51804 -0.724815
vn -0.342593 0.458835 -0.819818
vn 0.539929 0.0917579 -0.836694
vn 0.676082 0.423049 -0.603277
vn 0.759619 0.276649 -0.588595
vn 0.780583 0.460828 -0.422289
vn 0.332626 0.196658 -0.922326
vn 0.485689 0.225632 -0.84451
vn 0.31654 0.324776 -0.891248
vn 0.821475 0.0119827 -0.570118
vn 0.891252 -0.0783399 -0.44669
vn -0.271063 0.961291 -0.0494444
vn -0.332563 0.929832 -0.157523
vn -0.500672 0.853913 0.141985
vn 0.58622 0.56864 0.577057
vn 0.512039 0.509541 0.691508
vn 0.511138 0.523748 0.681488
vn 0.178092 0.55441 0.812965
vn 0.0235355 0.6092 0.792667
vn 0.0958499 0.516741 0.85076
vn 0.882487 0.235244 0.40728
vn 0.674294 0.408371 0.615273
vn 0.847933 0.385021 0.364374
vn 0.901419 0.242851 -0.358424
vn 0.83055 0.217747 -0.512613
vn -0.862382 0.493861 0.111348
vn -0.850407 0.517467 0.0950527
vn -0.961932 0.271781 0.0286802
vn -0.482274 0.678939 0.553582
vn -0.541114 0.750133 0.380127
vn -0.490799 0.648717 0.581621
vn 0.064661 0.493261 0.867475
vn -0.995161 0.0803402 -0.0565708
vn -0.993514 0.0982159 -0.0573095
vn -0.639206 0.767749 0.044464
vn 0.282458 0.92495 -0.254333
vn 0.0165568 0.991275 -0.130764
vn -0.558089 0.0637511 0.827328
vn -0.598354 0.0969468 0.795345
vn -0.511731 0.0872753 0.854702
vn -0.38796 0.708327 0.589712
vn -0.216541 0.744731 0.631257
vn -0.477539 0.668205 0.57049
vn -0.133347 0.0675467 0.988765
vn -0.197251 0.0461897 0.979264
vn -0.257348 0.0802372 0.962982
vn -0.717095 0.568293 -0.403506
vn -0.330563 -0.776364 -0.536644
vn -0.44429 -0.881334 -0.160801
vn -0.829395 0.5006 -0.247999
vn -0.740315 0.540046 -0.400355
vn -0.879479 0.288177 -0.378775
vn -0.641843 0.444409 -0.624931
vn 0.232954 0.0732998 -0.969721
vn 0.259534 0.083355 -0.96213
vn 0.0998795 0.115712 -0.988248
vn -0.30924 0.497037 -0.810756
vn -0.0712964 0.642316 -0.763117
vn -0.247351 0.898659 -0.362255
vn -0.2088 0.880388 -0.425816
vn -0.391736 0.753804 -0.527562
vn -0.187222 0.97895 -0.0812651
vn 0.28239 0.388316 -0.877192
vn 0.193094 0.562996 -0.803586
vn 0.282451 0.57812 -0.765506
vn 0.611642 -0.346765 -0.71109
vn 0.295204 -0.290746 -0.910122
vn -0.357907 0.0350326 0.9331
vn -0.556351 -0.0451227 0.829722
vn -0.623226 -0.143296 0.768802
vn -0.822285 -0.0633144 0.565543
vn -0.714314 -0.0986352 0.692839
vn -0.752388 -0.266522 0.602394
vn 0.256847 0.883376 -0.392016
vn -0.15319 0.883192 -0.443289
vn 0.939513 0.338435 -0.0526929
vn 0.955348 0.14365 0.258216
vn 0.805671 0.575263 0.141301
vn 0.991813 0.0858017 0.0945823
vn 0.979737 0.0733642 0.186367
vn -0.443582 0.0854751 -0.892148
vn -0.440831 0.107056 -0.891183
vn -0.235554 0.0676751 -0.969502
vn 0.0731665 -0.0656775 -0.995155
vn -0.212413 0.270552 -0.93898
vn 0.0532802 0.181133 -0.982014
vn 0.365028 -0.0638628 -0.928803
vn 0.272364 -0.143391 -0.95145
vn 0.677788 0.044729 -0.733895
vn 0.823319 -0.140217 -0.549987
vn -0.688504 0.369205 0.624219
vn -0.778726 0.24315 0.578329
vn -0.785388 0.377025 0.490937
vn -0.54337 0.378442 0.749354
vn -0.537241 0.227373 0.812203
vn -0.648352 0.259362 0.715801
vn 0.900503 0.405264 -0.157653
vn 0.81196 0.573045 -0.111089
vn 0.904439 0.359935 -0.228989
vn 0.903216 -0.418904 0.093378
vn 0.157367 -0.1206 0.980149
vn -0.0849106 0.0297063 0.995946
vn -0.242853 -0.044731 0.969031
vn -0.374181 0.894599 0.2443
vn -0.40178 0.746214 0.53079
vn 0.45898 0.476825 -0.74965
vn 0.594412 0.665596 -0.451284
vn 0.835208 0.399471 -0.377956
vn 0.1386 0.464735 0.874535
vn 0.676877 -0.0218705 0.735771
vn 0.574394 -0.0269713 0.818135
vn 0.415651 -0.137436 0.89908
vn -0.877778 0.231549 0.419392
vn -0.94068 0.206512 0.26921
vn -0.864689 0.374529 0.334725
vn -0.88622 0.463253 -0.00334195
vn -0.320882 0.929884 0.17986
vn -0.523908 0.803175 0.283602
vn -0.169391 0.959206 0.226343
vn -0.242845 0.949507 0.198654
vn 0.748327 -0.56487 0.347746
vn 0.156152 -0.978905 0.131762
vn 0.135871 -0.925113 0.354548
vn 0.00396309 -0.999657 0.0259044
vn -0.934272 -0.0808909 0.347264
vn -0.89632 -0.100434 0.431885
vn -0.847106 0.0583259 0.528214
vn 0.381149 0.84403 -0.377279
vn 0.0250611 0.990452 -0.135558
vn 0.209869 0.915911 -0.342142
vn 0.169311 0.224718 0.959602
vn -0.0526784 0.226921 0.972488
vn -0.394751 0.335758 0.855242
vn -0.956227 0.128512 -0.262896
vn -0.917392 0.0432629 -0.395627
vn -0.860854 0.131201 -0.491647
vn 0.995536 0.0824796 0.0458741
vn 0.954283 0.185847 -0.234103
vn 0.922369 0.319413 -0.217281
vn -0.638873 0.0433444 -0.76809
vn -0.642936 0.253353 -0.722804
vn -0.81132 0.10347 0.575373
vn -0.792513 0.0779153 0.604857
vn -0.344794 -0.926729 0.149299
vn 0.777968 -0.0621113 0.625227
vn 0.886782 0.0908603 0.453168
vn 0.916537 0.0651201 0.394613
vn 0.855178 0.0610536 0.514727
vn 0.817979 0.136096 0.558917
vn 0.103509 0.278665 -0.954794
vn 0.202872 0.195666 -0.959457
vn 0.192559 0.092462 -0.97692
vn -0.978712 0.18 0.0986091
vn -0.967751 0.244688 -0.0598795
vn -0.939804 0.309701 0.144407
vn 0.414429 0.0948324 0.905127
vn 0.432801 -0.564268 0.703054
vn 0.723774 0.617079 0.308812
vn 0.0831022 0.927789 0.363733
vn -0.294112 0.571194 0.766313
vn 0.450742 0.684701 -0.572726
vn 0.512781 0.376336 -0.771639
vn 0.512637 -0.0883187 -0.854051
vn 0.365445 0.0732182 -0.927949
vn 0.559113 0.00478323 -0.829077
vn -0.145794 0.981557 -0.123651
vn 0.43299 0.121041 0.893235
vn 0.384919 0.0722451 0.920118
vn -0.937007 -0.0250316 0.348413
vn -0.999856 0.00805167 -0.0149604
vn -0.0286097 0.839318 -0.542888
vn -0.146396 0.989095 0.0160872
vn 0.252042 0.774994 -0.579534
vn -0.702256 0.523531 -0.482443
vn -0.265888 -0.933529 -0.240471
vn -0.204553 0.976773 0.0638218
vn -0.621397 0.404458 0.671028
vn -0.757321 0.542934 0.362887
vn 0.636957 0.262476 -0.724839
vn 0.6903 0.0614261 -0.720911
vn 0.785629 0.0557859 -0.616178
vn 0.755797 0.104519 -0.646411
vn -0.166116 0.0945496 -0.981563
vn -0.370079 0.0957377 -0.924054
vn -0.293918 0.0189163 -0.955643
vn -0.478905 0.0707117 -0.875014
vn 0.658773 0.716105 -0.230678
vn 0.218643 0.961214 -0.168114
vn 0.180031 0.936874 -0.299759
vn -0.133759 0.0803411 0.987752
vn -0.137361 0.152678 0.978683
vn -0.179137 0.183481 0.966563
vn -0.168538 -0.916682 0.362339
vn -0.242394 -0.811473 0.531749
vn 0.955292 -0.11807 -0.271065
vn 0.990692 0.135225 -0.0156187
vn 0.0201373 0.133749 -0.990811
vn -0.141989 0.200718 -0.969304
vn 0.0721617 0.997392 0.00154495
vn -0.587795 0.710784 -0.386371
vn 0.0532869 0.995428 -0.0792685
vn 0.842849 0.0851515 -0.531371
vn 0.879655 0.0611682 -0.471663
vn -0.170806 -0.151738 -0.97355
vn 0.213463 -0.621934 -0.753413
vn -0.831673 0.05472 -0.552562
vn -0.921458 0.0466349 -0.385669
vn -0.98659 0.0257626 -0.161171
vn -0.997114 0.0514778 -0.0558053
vn -0.0606589 0.996784 -0.0523586
vn -0.0361554 0.996916 0.0696525
vn 0.0596836 -0.210294 0.975815
vn -0.180402 0.980475 -0.078258
vn 0.966837 -0.00202596 0.255385
vn 0.257058 0.00176719 -0.966394
vn -0.151162 0.987822 -0.0368459
vn -0.748284 0.0840462 -0.658033
vn 0.83799 0.524995 -0.148836
vn 0.273834 0.0502153 -0.960465
vn 0.367819 0.0567171 -0.928166
vn 0.756797 0.0313935 -0.652895
vn -0.628316 -0.0308281 0.777347
vn -0.692384 -0.0221057 0.721191
vn -0.526398 0.0592818 0.848169
vn -0.981667 0.056169 0.182141
vn -0.987053 0.094968 0.129258
vn -0.2203 0.333858 0.916519
vn -0.0170068 0.540627 0.84109
vn 0.0147948 0.034858 -0.999283
vn 0.485456 -0.83842 -0.24776
vn -0.682457 0.694435 0.228061
vn -0.681044 0.63808 0.359213
vn -0.326342 0.176189 -0.928686
vn -0.225421 -0.0905489 -0.970044
vn 0.294426 -0.0176608 -0.955511
vn 0.77238 -0.0363162 -0.634121
vn 0.537455 0.0135487 -0.843184
vn 0.98174 0.121347 0.146499
vn 0.987183 0.142205 -0.0724447
vn -0.652317 0.0755642 -0.754171
vn -0.540811 -0.147252 0.828155
vn 0.835863 0.275653 -0.474709
vn 0.956982 0.0736906 -0.280635
vn 0.997613 0.0333171 -0.0604869
vn 0.962504 0.0903483 -0.255778
vn -0.692766 -0.195403 -0.694185
vn 0.0867352 0.0361413 -0.995576
vn -0.947845 0.0345817 0.31685
vn 0.633177 0.114098 -0.765551
vn 0.832098 0.541158 0.121494
vn 0.0190268 0.992975 0.116783
vn 0.58376 0.00368554 -0.811918
vn 0.80307 -0.00662876 -0.595847
vn 0.870422 0.0768454 -0.486271
vn -0.997473 -0.00105879 0.0710373
vn -0.665857 0.722786 -0.184973
vn -0.933635 -0.0689715 0.351525
vn 0.744666 0.173217 -0.644569
vn 0.615062 0.080831 0.784325
vn 0.368441 0.0522448 0.928182
vn -0.959467 0.051316 -0.277109
vn -0.8857 0.430764 -0.17314
vn 0.583961 -0.0185457 -0.81157
vn 0.853616 0.0119871 0.520765
vn 0.925022 0.113579 0.36254
vn 0.480345 0.0312287 0.876523
vn 0.219566 0.331031 -0.917719
vn 0.0497809 0.70725 -0.705209
vn 0.790676 0.135986 -0.596941
vn 0.911751 0.0438526 0.408396
vn 0.909549 0.135803 -0.392782
vn -0.374338 0.911006 -0.173028
vn 0.173964 -0.575298 0.79923
vn -0.440631 0.655621 -0.613193
vn -0.878271 0.11952 0.462985
vn -0.30651 0.89129 -0.334147
vn -0.385394 0.708554 -0.59112
vn 0.171007 0.0200272 0.985066
vn 0.38313 0.0770337 -0.920476
vn -0.0211116 -0.00342744 0.999771
vn -0.343747 0.194155 0.918772
vn -0.337305 0.0582443 0.939592
vn -0.390438 0.129785 0.911435
vn -0.36484 0.143294 0.919978
vn 0.630918 -0.110958 -0.767874
vn 0.998218 0.0470884 0.0366495
vn 0.980433 0.0288182 0.194732
vn -0.566478 0.104442 -0.817432
vn -0.139401 0.982984 -0.119624
vn 0.947474 -0.0144089 0.319507
vn 0.814502 0.0163036 0.579932
vn -0.143865 -0.746355 -0.649814
vn 0.97444 -0.0244942 -0.223308
vn 0.966559 0.100285 -0.236022
vn 0.966718 0.111805 -0.230123
vn -0.922823 -0.385139 -0.0081004
vn 0.663735 0.084279 0.743204
vn 0.899473 -0.23983 -0.365281
vn -0.893867 0.0779323 0.441507
vn -0.674313 0.0315844 -0.73777
vn -0.139086 0.990136 -0.0168851
vn -0.669972 -0.00167592 0.742384
vn -0.890615 0.452913 -0.0409129
vn -0.918634 -0.392113 0.0485772
vn 0.461448 -0.885285 -0.057753
vn 0.182182 -0.983233 -0.00795109
vn 0.46673 -0.807774 -0.360089
vn -0.340671 -0.926064 -0.162321
vn -0.516669 -0.824882 0.229395
vn -0.550246 -0.831007 0.0815918
vn -0.602364 0.0659694 0.795491
vn -0.388421 0.059311 0.919571
vn -0.50909 0.0389179 0.859833
vn 0.0877274 0.0291382 -0.995718
vn 0.213423 0.0576831 -0.975256
vn 0.0249157 0.053598 -0.998252
vn -0.963146 0.0415748 0.265745
vn -0.967572 0.043267 0.248862
vn -0.990299 0.0743239 0.117403
vn -0.997361 0.0479799 -0.0544851
vn -0.958393 0.0532211 -0.280445
vn -0.993938 0.0751166 -0.0802809
vn 0.28956 0.0328421 0.956596
vn 0.0328324 0.0451284 0.998441
vn 0.164223 0.0553905 0.984867
vn -0.154025 0.888078 -0.433121
vn -0.146183 0.782082 -0.605787
vn -0.290206 0.838199 -0.461739
vn 0.304985 0.0344522 -0.951734
vn 0.940829 0.0661196 0.332369
vn 0.985026 0.0799573 0.152745
vn 0.964135 0.013687 0.265058
vn 0.791571 0.0793209 -0.605907
vn 0.902941 0.0509254 -0.426736
vn 0.94063 0.0499691 -0.335735
vn 0.957281 0.0457704 -0.285513
vn 0.984849 0.0419678 -0.168261
vn 0.972964 0.0844293 -0.21497
vn -0.506852 0.778625 -0.369924
vn -0.40339 0.870834 -0.280935
vn 0.387775 0.898005 -0.207889
vn 0.355166 0.821967 -0.445226
vn 0.457146 0.812993 -0.360638
vn -0.69963 0.046561 0.712987
vn -0.675207 0.0427302 0.73639
vn -0.764319 0.0462209 0.643179
vn -0.655863 -0.000849386 -0.75488
vn -0.559244 0.0386103 -0.828104
vn -0.715911 0.0457781 -0.69669
vn -0.225751 0.972092 0.0638179
vn -0.281531 0.956361 -0.0781866
vn -0.0544902 0.998449 0.0113865
vn -0.0583238 0.455532 0.888307
vn -0.0638256 0.475329 0.87749
vn -0.00677875 0.385775 0.922568
vn 0.343465 0.0626163 0.937076
vn 0.522667 0.0614133 0.850322
vn 0.545425 -0.767432 0.336986
vn 0.853264 -0.357427 0.37972
vn 0.867692 0.0918761 0.488538
vn 0.0386439 -0.640486 0.766997
vn 0.0321827 -0.151525 0.987929
vn -0.116721 -0.404866 0.906896
vn -0.845182 0.262723 0.465451
vn -0.846694 0.337327 0.411485
vn -0.691096 0.367858 0.622147
vn -0.353689 0.448574 0.820783
vn -0.526476 0.19917 0.826532
vn -0.49578 0.487959 0.718399
vn -0.622368 -0.40921 -0.667237
vn -0.367932 -0.858015 -0.35838
vn -0.748067 -0.433846 -0.502168
vn -0.511843 0.0766839 -0.85565
vn -0.639637 0.065392 -0.76589
vn -0.638225 0.769427 0.0255107
vn -0.77586 0.62649 0.0745045
vn -0.670867 0.737209 -0.0803751
vn -0.797129 0.363689 -0.481992
vn -0.724224 0.34085 -0.599434
vn -0.737142 0.495541 -0.459413
vn 0.231942 0.970071 0.071875
vn 0.0470432 0.988069 -0.146649
vn -0.106846 0.981444 0.15922
vn 0.408268 0.904453 -0.123622
vn 0.405942 0.912358 -0.0530435
vn 0.528348 -0.519661 -0.671417
vn 0.620272 0.212392 -0.755084
vn 0.680245 0.0934111 -0.727009
vn 0.687155 -0.659651 -0.304431
vn 0.67992 0.727901 -0.0887048
vn 0.660127 0.745282 -0.0937393
vn 0.802242 0.56402 0.195676
vn 0.62877 0.738708 -0.242815
vn 0.991528 -0.0807269 -0.101764
vn 0.986634 -0.138218 -0.0863128
vn 0.974241 -0.106936 0.198543
vn 0.885886 0.0347075 0.462603
vn 0.658978 -0.0811594 -0.747771
vn 0.68151 -0.00467056 -0.731794
vn 0.464008 -0.0942827 -0.880799
vn 0.970802 0.00671871 -0.239787
vn 0.911966 -0.127558 -0.389933
vn 0.965292 -0.0298336 -0.259464
vn 0.386907 0.297859 0.872687
vn -0.0217543 0.492719 0.869917
vn 0.0939255 0.47202 0.87657
vn 0.721801 0.53792 0.435482
vn -0.547729 0.574795 -0.607951
vn 0.311737 0.574741 -0.756633
vn 0.231566 0.617759 -0.751499
vn 0.459905 0.391255 -0.797124
vn -0.0116476 -0.77962 -0.626144
vn -0.0835859 -0.929497 -0.359233
vn -0.233594 -0.730209 -0.64205
vn -0.229482 0.594656 -0.770533
vn 0.0491088 0.575548 -0.816292
vn -0.363845 0.085389 -0.927537
vn 0.925931 0.0120129 0.377503
vn 0.875732 -0.111177 0.469822
vn 0.385282 -0.0265777 0.922416
vn 0.544915 -0.103596 0.832067
vn 0.303244 -0.118582 0.945506
vn 0.437671 -0.159743 0.884831
vn 0.124392 -0.0638534 0.990176
vn -0.801281 -0.094186 0.590828
vn -0.704779 -0.0116039 0.709332
vn -0.645449 -0.179296 0.742461
vn 0.77476 -0.00337071 -0.632247
vn 0.585247 0.0410285 -0.809816
vn 0.776371 0.0634815 -0.627071
vn -0.121543 -0.0661102 -0.990382
vn -0.471771 -0.0492826 -0.880343
vn -0.530086 -0.0772032 -0.844422
vn 0.0967401 -0.0647022 -0.993204
vn 0.272305 -0.00798941 -0.962178
vn -0.797764 -0.190775 0.571995
vn -0.854066 -0.227952 0.467556
vn -0.105648 -0.735053 0.669728
vn -0.610379 -0.00142282 -0.792108
vn -0.680236 -0.0777477 -0.728858
vn -0.781528 0.591843 -0.197324
vn -0.827709 0.32199 -0.459586
vn -0.985924 0.0361022 -0.16325
vn 0.114911 -0.850983 -0.512468
vn -0.736202 -0.0982819 0.669588
vn -0.919592 -0.117298 0.374956
vn -0.873788 -0.0251877 0.485654
vn -0.977883 -0.106057 0.180271
vn -0.95512 -0.0211346 0.295463
vn 0.587951 0.0686207 -0.805981
vn 0.425289 0.0593067 -0.903112
vn 0.633714 0.380569 -0.673479
vn -0.467304 -0.046791 0.882858
vn -0.445468 -0.0255253 0.894934
vn -0.438015 -0.113848 0.89173
vn -0.164345 0.0404429 0.985574
vn -0.168035 0.0575135 0.984102
vn -0.00398105 0.0626946 0.998025
vn -0.491761 0.865254 -0.0974962
vn -0.353892 0.928973 -0.108485
vn 0.929956 -0.168064 -0.327012
vn -0.822523 -0.0735926 -0.56395
vn -0.893143 -0.0219418 -0.449238
vn -0.90264 -0.0060784 -0.430354
vn -0.979616 -0.0845234 -0.182233
vn -0.960059 -0.229858 0.159539
vn -0.916781 -0.140948 -0.373693
vn 0.743523 -0.09415 0.66205
vn 0.649244 -0.172544 0.74075
vn -0.197225 0.943971 -0.264617
vn -0.387409 0.691767 -0.609403
vn 0.150188 0.969184 -0.195261
vn 0.62656 0.419708 -0.65671
vn 0.771087 0.289642 -0.567038
vn -0.97184 0.0826087 0.220688
vn -0.997784 0.0607753 0.0270746
vn -0.950811 -0.00803714 0.309668
vn -0.961978 0.0703432 -0.263914
vn -0.91865 0.0605244 -0.390409
vn -0.832167 0.447558 -0.327398
vn 0.786784 0.0249575 0.616724
vn 0.716412 0.0675945 0.694395
vn 0.865737 0.0697328 0.495617
vn 0.785748 0.320106 0.529276
vn 0.634946 0.230847 0.73726
vn 0.448283 0.580387 0.679848
vn -0.0919225 -0.0987807 0.990855
vn -0.0273103 -0.0713855 0.997075
vn -0.373513 -0.147459 0.91583
vn 0.0340477 0.750217 -0.660314
vn -0.158607 0.889764 -0.427976
vn -0.357827 0.545065 0.758198
vn -0.464789 -0.594662 0.65601
vn -0.596546 -0.0774326 0.798834
vn 0.893093 0.155155 -0.42227
vn 0.952613 0.199002 -0.230059
vn 0.979902 0.198837 0.0160032
vn 0.937809 0.225259 0.264146
vn -0.210255 0.966623 0.146402
vn -0.165928 0.971427 0.169698
vn 0.215081 0.89017 -0.401669
vn -0.0396883 0.953851 -0.297647
vn -0.719778 0.193086 0.666811
vn -0.0487044 0.0266029 -0.998459
vn -0.144875 0.0452859 -0.988413
vn -0.00858295 -0.00936569 -0.999919
vn 0.13189 0.776166 -0.61658
vn -0.0697017 0.728438 -0.681556
vn 0.996951 0.0740132 -0.0247271
vn -0.817024 -0.00283206 -0.576597
vn -0.877669 0.0482719 -0.47683
vn 0.269751 -0.516242 0.812852
vn 0.200874 -0.859391 0.470209
vn 0.436314 -0.788719 0.433073
vn 0.795184 -0.116894 -0.594995
vn 0.893262 -0.00665577 -0.449487
vn 0.720208 0.463441 -0.516258
vn -0.944414 0.115463 0.307814
vn -0.970888 0.196243 0.137352
vn -0.860779 0.08699 0.50149
vn 0.942773 -0.203422 -0.264193
vn 0.0390564 0.614891 -0.787645
vn -0.386382 0.0525175 -0.920842
vn -0.313302 0.0209733 -0.949422
vn 0.642624 -0.0321181 0.765508
vn 0.856602 0.05605 0.512924
vn -0.991996 0.118295 0.0441547
vn -0.565708 0.82321 -0.0479592
vn -0.961575 0.143107 -0.234295
vn -0.983607 0.17326 -0.0499785
vn 0.48999 0.109263 -0.864854
vn 0.723258 0.147038 -0.674742
vn 0.875894 0.0933183 -0.473393
vn 0.760605 0.0798182 -0.644289
vn -0.173934 0.56597 -0.805869
vn -0.231638 0.533038 -0.813766
vn -0.900204 0.15345 -0.407536
vn -0.810228 0.126149 -0.572378
vn -0.688705 0.174898 -0.703631
vn 0.616824 0.043734 -0.785885
vn 0.815233 -0.0295903 -0.578376
vn 0.649811 0.426779 0.628972
vn 0.592574 -0.425055 0.684241
vn -0.112194 0.940484 -0.320784
vn 0.265191 -0.357682 -0.895398
vn 0.529392 0.26031 0.807454
vn 0.260636 0.936645 0.234019
vn 0.0668491 0.726268 0.684154
vn 0.684868 0.685286 0.247669
vn 0.872828 0.327766 0.36158
vn 0.10244 0.235503 -0.96646
vn 0.373645 0.534647 -0.757985
vn 0.362144 0.00131935 -0.932121
vn -0.751666 -0.464056 0.468668
vn 0.278226 -0.0406767 0.959654
vn -0.259176 -0.0343467 0.965219
vn 0.0823209 -0.0837742 0.993079
vn -0.222347 -0.149542 0.963431
vn 0.734607 -0.0373302 0.677465
vn 0.545649 0.0298562 0.837482
vn 0.844301 0.531889 0.0651981
vn 0.656853 0.747262 -0.100717
vn -0.267894 0.955968 -0.119821
vn -0.340039 0.105516 0.934473
vn 0.0454101 0.104613 0.993476
vn 0.263126 0.15527 -0.952185
vn -0.0744303 0.918326 -0.388763
vn -0.151619 0.98302 0.103358
vn -0.499793 0.791234 0.352357
vn 0.794933 -0.184655 -0.577913
vn 0.659152 -0.0627245 -0.749389
vn 0.95756 -0.18338 -0.222377
vn -0.864689 -0.353625 0.356737
vn -0.553561 0.80182 -0.225066
vn -0.998694 0.0421608 0.028865
vn -0.295692 0.140022 -0.944966
vn -0.159515 0.0666998 -0.98494
vn -0.748119 -0.00576676 -0.66354
vn -0.510185 0.0588671 -0.858048
vn -0.812649 -0.109548 0.572364
vn -0.593748 0.0609059 0.802343
vn -0.82681 0.29438 0.479297
vn -0.997735 0.0489878 0.0461051
vn 0.849479 -0.0251154 0.527025
vn 0.784693 0.0307122 0.619123
vn -0.0167545 0.141546 -0.98979
vn -0.30772 0.948868 -0.0704196
vn -0.877335 0.405538 0.256557
vn 0.812892 0.125246 0.568788
vn -0.755878 0.0805661 0.649737
vn -0.0789644 0.982595 0.16814
vn 0.018115 0.970516 0.240355
vn 0.58651 0.0178777 0.809744
vn -0.594257 -0.706978 -0.383458
vn -0.764452 0.164848 -0.623248
vn -0.0176636 0.999057 -0.0396518
vn -0.159097 0.128346 0.978885
vn 0.943081 0.112582 -0.312926
vn 0.946274 -0.0446233 -0.320272
vn 0.930202 -0.164101 0.328322
vn -0.916635 0.268405 0.296207
vn -0.00672549 0.0180799 0.999814
vn 0.99823 0.00317029 0.0593918
vn 0.327616 -0.0908729 0.940431
vn 0.749807 0.0281793 0.661056
vn 0.895272 -0.0957016 0.435121
vn 0.218233 0.127925 0.967476
vn -0.171682 0.533463 -0.828217
vn 0.997597 -0.0611002 0.0326773
vn -0.925555 0.0411521 0.37637
vn 0.799782 -0.365796 0.475964
vn -0.506435 0.223057 -0.832928
vn 0.242074 0.932859 -0.266787
vn -0.738575 0.136391 -0.66023
vn -0.497918 0.0157735 -0.867081
vn -0.867014 0.0621473 -0.494393
vn -0.945004 -0.1019 0.310779
vn -0.179173 0.329481 -0.927005
vn -0.35167 0.680395 -0.642954
vn -0.87803 -0.0695011 -0.473533
vn -0.941548 -0.135658 -0.308356
vn -0.0798003 -0.15975 -0.983927
vn -0.93081 -0.00676715 -0.365442
vn -0.976103 0.116131 -0.183676
vn -0.245574 0.933073 -0.262807
vn -0.332814 -0.0418833 0.942062
vn 0.265183 -0.0150379 0.964081
vn 0.24891 -0.0613083 0.966584
vn 0.98771 0.141136 0.0671522
vn -0.338531 0.0313071 0.940434
vn 0.1426 -0.161493 -0.976517
vn -0.43567 0.0237586 -0.899793
vn -0.228784 0.142563 0.962982
vn 0.254746 0.0385063 0.966241
vn 0.596799 0.107395 0.795171
vn 0.490825 0.0306272 0.87072
vn 0.147756 -0.00973629 0.988976
vn -0.703104 0.0318975 -0.710371
vn 0.274767 0.0950555 0.956801
vn 0.605606 -0.0773651 0.791995
vn 0.848384 0.0443146 0.527523
vn -0.990949 -0.0223729 0.132361
vn -0.993185 0.0443189 0.107792
vn 0.763474 0.527104 -0.373188
vn 0.0698041 0.0331718 0.997009
vn -0.971268 0.0205473 0.237099
vn -0.841256 -0.0739553 0.535555
vn -0.600655 -0.0401098 0.798501
vn -0.763074 0.119503 0.635167
vn -0.957823 0.0419435 -0.284283
vn 0.554044 -0.0281872 -0.83201
vn 0.804402 -0.0424333 -0.592569
vn 0.82101 0.154429 -0.549631
vn -0.22266 0.966151 0.130284
vn -0.394698 0.913868 0.0951787
vn -0.92241 0.0943694 0.374505
vn -0.273355 -0.00429064 -0.961904
vn -0.584136 0.05429 -0.809838
vn -0.839763 -0.176091 0.513604
vn -0.467323 -0.113835 0.876727
vn 0.245806 -0.560369 0.790927
vn 0.428751 -0.694169 0.578188
vn 0.418927 -0.271601 0.866449
vn -0.748336 0.0226288 -0.662934
vn -0.720337 0.0552828 -0.691418
vn -0.83179 0.0587312 -0.551975
vn 0.489836 0.0599522 -0.869751
vn 0.281115 0.0530387 -0.958207
vn 0.407337 0.0509721 -0.911855
vn 0.975606 0.0650022 -0.209683
vn 0.922814 0.0598771 -0.380564
vn 0.916991 0.0560741 -0.394946
vn 0.150801 0.0499523 0.987301
vn -0.036706 0.0500661 0.998071
vn 0.285117 0.0500861 0.957183
vn 0.263757 0.0359731 -0.963918
vn 0.165817 0.0482378 -0.984976
vn 0.0472472 0.0405423 -0.99806
vn 0.786094 0.104817 0.609155
vn 0.870891 0.0673006 0.486847
vn 0.758407 0.0662884 0.648401
vn -0.973675 0.0746243 0.215377
vn -0.916801 0.0762279 0.392003
vn -0.946009 0.0812291 0.313797
vn -0.130116 0.990994 0.0316287
vn -0.0132173 0.985422 0.169611
vn -0.0229559 0.993973 0.107192
vn 0.9743 0.0546981 -0.218512
vn 0.996287 0.0543792 -0.0667436
vn -0.00481222 0.980805 0.194934
vn -0.0726064 0.968534 0.238053
vn -0.51513 -0.749907 -0.415068
vn -0.663399 -0.720185 -0.203067
vn -0.719803 -0.505382 -0.475892
vn -0.967522 0.0601573 -0.245525
vn -0.997832 0.0643174 -0.0139722
vn -0.992354 0.0666569 -0.103874
vn -0.909457 -0.412162 0.0548641
vn -0.945666 -0.198052 0.257857
vn -0.995183 -0.0676049 0.0709975
vn 0.00473624 -0.590637 0.806923
vn 0.116629 -0.110255 0.987037
vn -0.0830883 -0.432617 0.897741
vn 0.697574 0.0624897 0.713783
vn 0.589922 -0.694306 0.412226
vn 0.904915 -0.237708 0.353022
vn 0.740149 -0.190164 0.644993
vn -0.854186 0.0154958 -0.519736
vn -0.895676 0.0611905 -0.440477
vn -0.933654 0.0552551 -0.353888
vn -0.0411992 0.924163 -0.379769
vn -0.413597 0.827556 -0.37959
vn -0.07017 0.989662 0.125078
vn -0.610996 -0.371349 -0.699131
vn 0.221942 -0.764297 -0.605469
vn 0.129238 -0.209354 -0.969262
vn 0.616048 -0.165581 -0.770109
vn -0.160595 0.964706 0.208691
vn -0.178749 0.971289 0.156994
vn 0.612114 0.0483552 -0.78929
vn 0.605461 0.0550304 -0.79397
vn 0.487619 0.0585639 -0.87109
vn 0.952014 -0.0497327 -0.301988
vn 0.859296 -0.419511 -0.292612
vn 0.749253 -0.460851 -0.475643
vn -0.3 -0.856706 0.41959
vn -0.156867 -0.799754 0.579471
vn -0.432733 -0.581696 0.688747
vn -0.508579 0.0721785 0.857985
vn -0.268682 0.0569623 0.961543
vn -0.352746 0.0635427 0.933559
vn 0.206656 0.978141 -0.0231056
vn 0.282049 0.931297 -0.23051
vn 0.067781 0.994913 -0.0745305
vn 0.629824 0.0650507 0.774009
vn 0.648941 0.0612052 0.758373
vn 0.716624 0.0618302 0.694714
vn 0.126512 0.97315 0.192286
vn -0.996877 0.0617584 0.0492068
vn -0.987312 0.0689636 0.143033
vn 0.360385 0.786243 0.50194
vn 0.281147 0.86896 0.407266
vn 0.222894 0.77009 0.597729
vn -0.705173 -0.514781 0.487578
vn -0.423639 -0.832076 0.358021
vn -0.852705 0.0674316 0.518022
vn -0.884527 0.150445 0.441563
vn -0.761153 0.15383 0.630065
vn 0.774277 0.0590768 -0.630083
vn 0.738794 0.0835465 -0.668732
vn 0.380219 -0.760626 -0.526195
vn -0.330984 0.0359335 0.942952
vn -0.200087 0.0416767 0.978891
vn -0.756656 0.375416 0.535289
vn -0.512665 0.477327 0.713676
vn -0.00647444 -0.757241 -0.653104
vn -0.147928 -0.351752 -0.924331
vn -0.246998 0.0524002 -0.967598
vn -0.442369 0.0503824 -0.895417
vn -0.312829 0.0498143 -0.948502
vn 0.835891 0.231707 0.497591
vn 0.717959 0.270593 0.641339
vn 0.931624 0.0710946 0.356401
vn 0.979039 0.0726545 0.190272
vn 0.959033 0.0638816 0.275997
vn -0.918247 0.30978 0.246696
vn -0.92052 0.390694 0.00108605
vn 0.91395 0.103689 -0.392358
vn 0.932316 0.130537 -0.337265
vn 0.855035 0.103696 -0.508097
vn 0.98225 0.171067 0.076948
vn 0.941173 0.182585 0.284353
vn 0.969928 0.176443 0.167651
vn -0.793117 0.262984 -0.549367
vn -0.757604 0.195086 -0.622879
vn -0.684916 0.315005 -0.657009
vn -0.940527 0.278951 -0.193893
vn -0.886748 0.424651 -0.182618
vn 0.206772 0.0993222 0.973335
vn -0.0464862 0.0798527 0.995722
vn 0.224422 0.210141 0.951565
vn 0.625957 0.121056 0.770405
vn 0.0508552 0.821185 0.568392
vn -0.046344 0.925484 0.375942
vn -0.0250291 0.879574 0.475104
vn 0.016002 0.267716 0.963365
vn -0.135283 0.287583 0.948153
vn -0.29343 0.203409 0.93409
vn -0.546392 0.140619 0.825641
vn 0.417375 0.904302 -0.0896397
vn 0.370081 0.923263 -0.103083
vn -0.596899 0.151369 -0.787908
vn -0.412093 0.350372 -0.841082
vn -0.319269 0.325056 -0.890172
vn -0.273299 0.949244 0.155705
vn -0.109132 0.983505 0.144249
vn -0.61351 0.0374919 -0.788797
vn -0.604116 0.00707011 -0.796865
vn -0.794394 -0.149989 -0.588593
vn -0.405422 0.0563405 -0.912392
vn -0.456216 0.0643359 -0.88754
vn -0.54433 0.0662992 -0.836247
vn -0.642294 -0.0944956 0.760611
vn -0.320249 -0.0307474 0.946834
vn -0.601787 0.186246 0.776637
vn -0.706721 0.0715645 0.703864
vn -0.645636 0.0217414 0.763335
vn -0.800461 0.0794489 0.594096
vn -0.114609 0.929474 0.350631
vn 0.890624 0.0726127 -0.448905
vn -0.835988 -0.207898 0.507841
vn -0.864397 0.016319 0.502546
vn -0.946131 -0.091016 0.31073
vn 0.257506 0.216587 -0.94169
vn 0.488855 0.213021 -0.845957
vn 0.481899 0.276671 -0.831401
vn 0.67903 0.207424 -0.704197
vn 0.947242 0.0700548 0.31277
vn 0.811926 0.240781 0.531791
vn 0.904231 -0.0171455 0.426699
vn 0.995767 0.0657149 0.0642627
vn -0.180099 -0.845795 -0.50219
vn -0.991512 0.0722 0.10813
vn -0.971545 0.236608 -0.0107712
vn -0.964287 -0.116937 -0.237649
vn -0.228133 0.0290236 0.973197
vn -0.302446 -0.0917688 0.948739
vn 0.00971831 0.0305197 0.999487
vn -0.122391 0.0613888 0.990582
vn 0.979837 0.162572 -0.116143
vn 0.977677 0.134628 -0.161316
vn 0.99045 0.0664972 -0.12078
vn 0.996698 0.074244 0.0328806
vn -0.679711 0.605683 -0.413692
vn -0.770212 0.609504 0.187827
vn -0.415879 0.888868 0.192246
vn -0.0695747 0.0640792 0.995517
vn -0.00563573 -0.0427672 0.999069
vn 0.54977 0.0398932 0.834363
vn 0.383174 0.111196 0.916959
vn 0.743726 -0.632789 0.21552
vn 0.98621 -0.162198 0.0329004
vn -0.96313 0.162278 0.214584
vn -0.939446 0.0651341 0.336449
vn -0.417155 -0.0357284 -0.908133
vn 0.0959502 0.0177625 -0.995228
vn -0.156793 0.0179421 -0.987468
vn 0.289447 0.483191 0.826285
vn 0.44514 0.448617 0.774979
vn 0.00190036 0.989692 0.143203
vn -0.79275 0.0711458 0.605381
vn 0.371838 0.183624 -0.909955
vn 0.0311054 0.0531296 -0.998103
vn 0.158968 0.96875 0.190403
vn 0.365705 0.874727 0.317982
vn 0.33875 0.845203 0.413378
vn 0.803273 0.0191556 0.595304
vn 0.679593 0.00174937 0.733587
vn -0.0749137 0.234026 -0.96934
vn 0.0725782 0.2545 -0.964346
vn -0.0801723 0.228843 -0.970156
vn 0.658894 0.0247907 0.751827
vn -0.905414 0.273083 0.32504
vn -0.989255 0.051148 0.136964
vn -0.974039 0.0400776 0.222805
vn -0.994983 0.0356749 -0.093463
vn 0.570905 0.709963 -0.412335
vn 0.879714 0.417444 -0.227693
vn 0.780341 0.0804271 -0.620161
vn -0.700069 -0.672554 0.239948
vn 0.879622 0.10103 0.464821
vn 0.865666 -0.000676113 -0.500621
vn -0.158888 0.0474204 -0.986157
vn -0.122595 0.0473453 -0.991327
vn -0.250237 0.963406 0.0960728
vn -0.256691 0.617465 0.743537
vn -0.30176 0.817769 0.490097
vn 0.441002 0.097976 0.892143
vn 0.47006 0.0409326 0.881685
vn -0.89418 0.180816 -0.409571
vn -0.938488 0.063066 -0.339503
vn -0.930779 0.0714492 -0.358532
vn 0.428144 0.102989 -0.897823
vn 0.0236314 0.050532 -0.998443
vn 0.983259 -0.0129506 -0.181753
vn 0.987658 -0.062765 0.143503
vn 0.525777 0.246388 0.814157
vn 0.494831 0.0457808 -0.867782
vn -0.928093 -0.341466 -0.148474
vn 0.0946753 0.139145 0.985736
vn 0.103155 0.980695 0.166122
vn 0.657589 0.72313 0.211327
vn 0.991439 0.107307 -0.0743919
vn -0.691371 0.00430412 0.722488
vn -0.971357 0.036357 -0.234828
vn -0.986254 0.142129 -0.0842757
vn -0.242494 0.115411 -0.963264
vn 0.109018 0.222866 -0.968734
vn 0.268632 0.676466 -0.685734
vn 0.78728 0.0988518 -0.60862
vn 0.859643 0.0626242 -0.507042
vn 0.697148 0.0548884 -0.714823
vn -0.837385 0.0612611 -0.54317
vn -0.721064 0.016938 0.692662
vn -0.150472 0.0762702 0.985668
vn 0.283341 -0.00169906 0.959018
vn -0.757239 -0.00620877 -0.653108
vn -0.785576 0.0731877 -0.614421
vn 0.854284 -0.515672 -0.0654312
vn -0.120558 0.0177775 0.992547
vn 0.951337 0.0697734 -0.300149
vn 0.774696 0.021667 -0.631963
vn 0.504133 0.0359105 0.862879
vn -0.545247 0.0377596 -0.837424
vn -0.478239 0.169087 0.861799
vn -0.654558 -0.00860363 0.755963
vn -0.437362 0.0615256 0.897179
vn 0.180468 0.977257 -0.111356
vn -0.99819 0.0325605 -0.0505616
vn 0.0405606 0.977502 0.206991
vn 0.902448 0.112664 -0.415805
vn -0.312716 -0.84123 -0.441069
vn 0.0522167 0.375788 0.925233
vn -0.976271 0.096474 0.193877
vn -0.988301 0.0432241 -0.146264
vn -0.524556 -0.0702806 0.84847
vn -0.228818 0.0750439 0.970573
vn -0.817649 0.168349 0.550553
vn -0.604062 0.106819 0.789746
vn -0.936559 0.0705524 0.343337
vn 0.782555 0.0569734 -0.619969
vn 0.90661 0.0463879 -0.419411
vn 0.569504 0.0576273 0.819966
vn 0.637566 0.105876 -0.763085
vn -0.970656 0.231751 -0.0641702
vn -0.824179 -0.0666891 0.562389
vn -0.252229 0.0447406 0.966633
vn 0.510512 0.0282452 -0.859406
vn 0.34279 -0.000128466 -0.939412
vn -0.76331 0.066198 0.642632
vn 0.114191 0.0419758 0.992572
vn -0.269047 0.018478 -0.96295
vn -0.677076 0.110771 -0.727529
vn -0.66792 -0.000282 -0.744233
vn -0.886474 -0.254856 -0.386281
vn -0.908632 0 -0.417597
vn -0.995696 0 0.0926839
vn -0.983239 -0.130802 0.127014
vn -0.815984 0 0.578075
vn -0.790247 0.0298257 0.612062
vn -0.417597 0 0.908633
vn -0.378144 0.164692 0.910979
vn 0.0926817 0 0.995696
vn 0.110442 0.24489 0.96324
vn 0.578074 0 0.815984
vn 0.556478 0.270826 0.785484
vn 0.908633 0 0.417596
vn 0.872118 0.2449 0.423597
vn 0.995699 0 -0.0926518
vn 0.984829 0.1647 -0.0546333
vn 0.815973 0 -0.57809
vn 0.839481 0.0298338 -0.542569
vn 0.417569 0 -0.908645
vn 0.445859 -0.13077 -0.885499
vn -0.0926364 0 -0.9957
vn -0.0704403 -0.254881 -0.964403
vn -0.578075 0 -0.815984
vn -0.551539 -0.299514 -0.778522
vn -0.822179 -0.424292 -0.37947
vn -0.959046 -0.269859 0.0860584
vn -0.818258 -0.013219 0.574699
vn -0.406363 0.257627 0.87664
vn 0.0821593 0.431717 0.89826
vn 0.504956 0.486851 0.712738
vn 0.820177 0.431725 0.375397
vn 0.961789 0.257641 -0.0926463
vn 0.813503 -0.0131957 -0.581411
vn 0.399278 -0.269873 -0.876211
vn -0.0853132 -0.424309 -0.90149
vn -0.509463 -0.472641 -0.719067
vn -0.884099 -0.201845 -0.421458
vn -0.989645 -0.126218 0.0683502
vn -0.830912 -0.014027 0.556228
vn -0.434887 0.104858 0.894359
vn 0.0791664 0.192569 0.978085
vn 0.563375 0.224193 0.795202
vn 0.896486 0.192572 0.399035
vn 0.987965 0.104867 -0.113705
vn 0.800294 -0.0140545 -0.599443
vn 0.392685 -0.126228 -0.910969
vn -0.104427 -0.201836 -0.973836
vn -0.562867 -0.228008 -0.794477
vn -0.906478 -0.0337571 -0.420902
vn -0.995965 -0.0204503 0.087379
vn -0.818169 0.000260531 0.574978
vn -0.418696 0.0240467 0.907808
vn 0.0926123 0.0434416 0.994754
vn 0.57734 0.0509479 0.814913
vn 0.907752 0.0434267 0.417253
vn 0.99427 0.0278084 -0.103215
vn 0.821142 -0.00235031 -0.570718
vn 0.403408 -0.0397841 -0.914155
vn -0.122494 -0.0443765 -0.991477
vn -0.577669 -0.0382501 -0.815374
vn -0.902347 0.0352959 -0.429563
vn -0.997472 0.019902 0.0682127
vn -0.833091 0.000416933 0.553136
vn -0.442983 -0.0167207 0.896374
vn 0.0753767 -0.0272925 0.996782
vn 0.577842 -0.0306419 0.815573
vn 0.915382 -0.0272718 0.401662
vn 0.989242 -0.0137222 -0.145641
vn 0.793493 -0.00394015 -0.608567
vn 0.347349 0.00177427 -0.937734
vn -0.158828 0.0334411 -0.98674
vn -0.577607 0.0411222 -0.815278
vn -0.897627 0.150627 -0.414218
vn -0.992518 0.0874588 0.0851977
vn -0.823852 0.0036016 0.566793
vn -0.430449 -0.0759618 0.899413
vn 0.0819658 -0.130397 0.988068
vn 0.57177 -0.149575 0.806664
vn 0.905171 -0.131126 0.404317
vn 0.987335 -0.0775883 -0.138379
vn 0.803651 0.00844031 -0.595041
vn 0.387664 0.107861 -0.915468
vn -0.128683 0.164498 -0.977947
vn -0.569785 0.17395 -0.803173
vn -0.887249 0.234432 -0.397279
vn -0.9861 0.137042 0.0939458
vn -0.825469 0.00307334 0.564439
vn -0.441049 -0.131945 0.887731
vn 0.0678762 -0.231169 0.970543
vn 0.560733 -0.267135 0.78372
vn 0.896816 -0.229816 0.378029
vn 0.981354 -0.12952 -0.142015
vn 0.8041 0.00836864 -0.594435
vn 0.412603 0.150069 -0.898464
vn -0.0946599 0.242647 -0.965485
vn -0.559407 0.270346 -0.783567
vn -0.879816 0.297785 -0.370469
vn -0.977862 0.170337 0.121535
vn -0.813781 -0.00284162 0.581164
vn -0.431522 -0.17527 0.884912
vn 0.0662278 -0.300665 0.951428
vn 0.546156 -0.345494 0.763117
vn 0.879817 -0.297793 0.370461
vn 0.977863 -0.170345 -0.12152
vn 0.813795 0.00283516 -0.581145
vn 0.431555 0.175264 -0.884897
vn -0.0662201 0.300651 -0.951433
vn -0.546162 0.345473 -0.763122
vn -0.879811 0.297816 -0.370455
vn -0.977858 0.170341 0.121563
vn -0.813785 -0.00284957 0.58116
vn -0.431527 -0.175268 0.88491
vn 0.0662464 -0.30065 0.951431
vn 0.546158 -0.345492 0.763116
vn 0.879811 -0.29782 0.370454
vn 0.977862 -0.170333 -0.121545
vn 0.813795 0.0028648 -0.581145
vn 0.431528 0.17528 -0.884907
vn -0.0662547 0.30067 -0.951424
vn -0.546159 0.345502 -0.763112
vn -0.879818 0.297789 -0.370462
vn -0.977866 0.170285 0.121577
vn -0.813792 -0.00291006 0.581149
vn -0.431522 -0.175301 0.884906
vn 0.0662721 -0.30066 0.951426
vn 0.54614 -0.345488 0.763131
vn 0.879805 -0.297828 0.370461
vn 0.977856 -0.170349 -0.121571
vn 0.813799 0.00284718 -0.581139
vn 0.431539 0.175274 -0.884903
vn -0.0662756 0.300687 -0.951417
vn -0.546125 0.345502 -0.763136
vn -0.879813 0.297815 -0.370452
vn -0.97786 0.170279 0.121635
vn -0.81377 -0.00290355 0.58118
vn -0.431496 -0.175287 0.884921
vn 0.0663064 -0.300675 0.951419
vn 0.546174 -0.345487 0.763108
vn 0.879813 -0.297787 0.370476
vn 0.977863 -0.170335 -0.121533
vn 0.813832 0.00281724 -0.581094
vn 0.431565 0.17526 -0.884893
vn -0.066281 0.300669 -0.951423
vn -0.546138 0.345501 -0.763127
vn -0.503661 0.50222 -0.702922
vn -0.8323 0.455336 -0.316142
vn -0.0922056 0.984562 0.148784
vn 0.0137445 0.999615 0.0241089
vn -0.123331 0.944305 0.305087
vn -0.928885 0.329835 0.168467
vn -0.0712117 0.889596 0.451162
vn -0.767333 0.159341 0.621136
vn 0.0502416 0.835116 0.547774
vn -0.390793 -0.0104431 0.92042
vn 0.208421 0.795474 0.569019
vn 0.0995438 -0.133992 0.98597
vn 0.360983 0.781269 0.509226
vn 0.572302 -0.178172 0.800453
vn 0.466912 0.796367 0.384438
vn 0.900934 -0.131134 0.41367
vn 0.497921 0.83669 0.228091
vn 0.997464 -0.00555642 -0.0709585
vn 0.445683 0.891426 0.0820138
vn 0.835797 0.164944 -0.523677
vn 0.324174 0.945886 -0.0145048
vn 0.459248 0.334687 -0.822846
vn 0.166128 0.985457 -0.0357161
vn -0.0311006 0.45807 -0.888372
vn 0.197443 0.939155 0.281076

# Mesh 'CandleProp1_low_CandleProp1_low' with 694 faces
g CandleProp1_low_CandleProp1_low
usemtl Candles1
f  1/1/1 2/2/2 3/3/3
f  4/4/4 5/5/5 6/6/6
f  7/7/7 8/8/8 9/9/9
f  10/10/10 11/11/11 12/12/12
f  13/13/13 14/14/14 15/15/15
f  16/16/16 17/17/17 18/18/18
f  19/19/19 20/20/20 21/21/21
f  22/22/22 23/23/23 24/24/24
f  25/25/25 26/26/26 27/27/27
f  28/28/28 29/29/29 30/30/30
f  31/31/31 32/32/32 33/33/33
f  34/34/34 8/8/8 7/7/7
f  35/35/35 36/36/36 37/37/37
f  38/38/38 39/39/39 40/40/40
f  41/41/41 42/42/42 43/43/43
f  44/44/44 45/45/45 46/46/46
f  17/17/17 16/16/16 47/47/47
f  48/48/48 49/49/49 50/50/50
f  51/51/51 52/52/52 53/53/53
f  54/54/54 55/55/55 56/56/56
f  57/57/57 58/58/58 59/59/59
f  60/60/60 36/36/36 61/61/61
f  62/62/62 63/63/63 64/64/64
f  65/65/65 66/66/66 67/67/67
f  68/68/68 69/69/69 70/70/70
f  71/71/71 72/72/72 73/73/73
f  74/74/74 75/75/75 76/76/76
f  77/77/77 78/78/78 79/79/79
f  80/80/80 75/75/75 81/81/81
f  82/82/82 83/83/83 84/84/84
f  85/85/85 86/86/86 87/87/87
f  88/88/88 89/89/89 90/90/90
f  91/91/91 92/92/92 93/93/93
f  94/94/94 95/95/95 96/96/96
f  97/97/97 98/98/98 99/99/99
f  100/100/100 54/54/54 101/101/101
f  102/102/102 103/103/103 104/104/104
f  105/105/105 103/103/103 106/106/106
f  107/107/107 108/108/108 109/109/109
f  110/110/110 104/104/104 9/111/9
f  83/83/83 111/112/111 84/84/84
f  112/113/112 25/25/25 27/27/27
f  113/114/113 19/19/19 114/115/114
f  115/116/115 116/117/116 117/118/117
f  118/119/118 119/120/119 120/121/120
f  121/122/121 122/123/122 123/124/123
f  63/63/63 124/125/124 125/126/125
f  52/52/52 126/127/126 53/53/53
f  38/38/38 40/40/40 127/128/127
f  122/123/122 128/129/128 123/124/123
f  128/129/128 129/130/129 130/131/130
f  131/132/131 132/133/132 97/97/97
f  72/72/72 133/134/133 73/73/73
f  134/135/134 135/136/135 136/137/136
f  137/138/137 87/87/87 86/86/86
f  138/139/138 33/33/33 139/140/139
f  140/141/140 138/139/138 141/142/141
f  142/143/142 143/144/143 144/145/144
f  145/146/145 142/143/142 144/145/144
f  56/147/56 146/148/146 147/149/147
f  147/149/147 148/150/148 149/151/149
f  150/152/150 151/153/151 152/154/152
f  153/155/153 154/156/154 155/157/155
f  10/10/10 156/158/156 11/11/11
f  20/20/20 19/19/19 157/159/157
f  158/160/158 159/161/159 160/162/160
f  161/163/161 159/161/159 162/164/162
f  148/150/148 156/165/156 149/151/149
f  163/166/163 118/119/118 164/167/164
f  150/152/150 165/168/165 166/169/166
f  167/170/167 168/171/168 169/172/169
f  89/89/89 88/88/88 170/173/170
f  95/95/95 171/174/171 96/96/96
f  172/175/172 173/176/173 174/177/174
f  69/69/69 68/68/68 175/178/175
f  176/179/176 141/142/141 177/180/177
f  178/181/178 179/182/179 176/179/176
f  180/183/180 181/184/181 51/51/51
f  108/108/108 182/185/182 109/109/109
f  168/171/168 167/170/167 183/186/183
f  110/110/110 111/112/111 184/187/184
f  94/94/94 185/188/185 186/189/186
f  6/6/6 187/190/187 126/127/126
f  188/191/188 101/101/101 189/192/189
f  190/193/190 191/194/191 192/195/192
f  193/196/193 194/197/194 50/50/50
f  3/3/3 195/198/195 1/1/1
f  162/164/162 196/199/196 195/200/195
f  20/20/20 197/201/197 198/202/198
f  66/66/66 65/65/65 199/203/199
f  200/204/200 201/205/201 192/206/192
f  202/207/202 155/208/155 154/209/154
f  203/210/203 44/44/44 46/46/46
f  204/211/204 14/212/14 195/198/195
f  161/163/161 205/213/205 206/214/206
f  207/215/207 208/216/208 209/217/209
f  210/218/210 211/219/211 199/220/199
f  48/48/48 50/50/50 194/197/194
f  212/221/212 213/222/213 201/205/201
f  204/211/204 195/198/195 3/3/3
f  214/223/214 215/224/215 119/120/119
f  216/225/216 62/62/62 64/64/64
f  217/226/217 218/227/218 219/228/219
f  81/81/81 75/75/75 74/74/74
f  46/46/46 220/229/220 203/210/203
f  221/230/221 222/231/222 87/87/87
f  87/87/87 223/232/223 221/230/221
f  224/233/224 225/234/225 226/235/226
f  227/236/227 118/119/118 228/237/228
f  38/38/38 229/238/229 230/239/230
f  231/240/231 232/241/232 233/242/233
f  93/93/93 92/92/92 233/243/233
f  234/244/234 235/245/235 236/246/236
f  237/247/237 238/248/238 236/246/236
f  118/119/118 120/121/120 164/167/164
f  4/4/4 6/6/6 239/249/239
f  229/238/229 38/38/38 127/128/127
f  178/181/178 240/250/240 179/182/179
f  202/207/202 179/182/179 212/221/212
f  105/105/105 106/106/106 241/251/241
f  57/57/57 172/175/172 174/177/174
f  175/178/175 242/252/242 112/113/112
f  243/253/243 5/5/5 244/254/244
f  245/255/245 246/256/246 247/257/247
f  248/258/248 249/259/249 198/202/198
f  248/258/248 250/260/250 251/261/251
f  231/240/231 29/29/29 232/241/232
f  252/262/252 253/263/253 254/264/254
f  255/265/255 256/266/256 257/267/257
f  257/267/257 256/266/256 135/136/135
f  250/260/250 12/12/12 11/11/11
f  56/56/56 55/55/55 146/268/146
f  61/61/61 36/36/36 141/142/141
f  139/140/139 133/134/133 72/72/72
f  258/269/258 212/221/212 201/205/201
f  258/269/258 201/205/201 200/204/200
f  173/176/173 172/175/172 255/265/255
f  255/265/255 172/175/172 256/266/256
f  259/270/259 108/108/108 107/107/107
f  260/271/260 60/60/60 61/61/61
f  261/272/261 80/80/80 81/81/81
f  262/273/262 28/28/28 30/30/30
f  86/86/86 85/85/85 88/274/88
f  33/33/33 32/32/32 207/215/207
f  62/62/62 216/225/216 263/275/263
f  44/44/44 41/41/41 45/45/45
f  23/276/23 264/277/264 24/278/24
f  265/279/265 112/113/112 27/27/27
f  254/264/254 201/205/201 213/222/213
f  201/205/201 254/264/254 266/280/266
f  211/219/211 267/281/267 268/282/268
f  211/219/211 268/282/268 199/220/199
f  93/93/93 233/243/233 269/283/269
f  270/284/270 171/174/171 95/95/95
f  212/221/212 271/285/271 272/286/272
f  271/285/271 240/250/240 273/287/273
f  210/218/210 199/220/199 249/259/249
f  198/202/198 249/259/249 274/288/274
f  275/289/275 214/290/214 227/291/227
f  214/290/214 275/289/275 215/292/215
f  90/90/90 89/89/89 276/293/276
f  161/163/161 90/90/90 276/293/276
f  151/294/151 277/295/277 152/296/152
f  278/297/278 124/125/124 63/63/63
f  252/262/252 254/264/254 213/222/213
f  279/298/279 272/286/272 34/34/34
f  280/299/280 281/300/281 282/301/282
f  116/117/116 115/116/115 113/114/113
f  73/73/73 75/302/75 71/71/71
f  243/303/243 247/257/247 246/256/246
f  49/49/49 283/304/283 50/50/50
f  87/87/87 222/231/222 284/305/284
f  155/157/155 128/129/128 153/155/153
f  128/129/128 191/194/191 285/306/285
f  114/115/114 238/307/238 286/308/286
f  114/115/114 287/309/287 113/114/113
f  288/310/288 76/76/76 289/311/289
f  5/5/5 4/4/4 244/254/244
f  85/85/85 290/312/290 262/273/262
f  283/304/283 290/312/290 284/305/284
f  122/123/122 121/122/121 291/313/291
f  18/18/18 57/57/57 59/59/59
f  292/314/292 11/11/11 293/315/293
f  147/149/147 146/148/146 148/150/148
f  207/215/207 294/316/294 33/33/33
f  133/134/133 139/140/139 33/33/33
f  236/317/236 238/318/238 26/26/26
f  144/319/144 143/320/143 136/137/136
f  88/274/88 85/85/85 262/273/262
f  88/88/88 91/91/91 170/173/170
f  295/321/295 73/73/73 296/322/296
f  98/98/98 209/217/209 99/99/99
f  42/42/42 297/323/297 43/43/43
f  83/83/83 82/82/82 298/324/298
f  47/47/47 135/136/135 17/17/17
f  135/136/135 299/325/299 136/137/136
f  227/291/227 280/299/280 300/326/300
f  156/158/156 10/10/10 226/235/226
f  98/98/98 301/327/301 294/316/294
f  247/257/247 302/328/302 245/255/245
f  104/104/104 110/110/110 184/187/184
f  104/104/104 184/187/184 303/329/303
f  32/330/32 31/331/31 62/62/62
f  277/295/277 304/332/304 152/296/152
f  98/98/98 132/133/132 301/327/301
f  98/98/98 97/97/97 132/133/132
f  275/289/275 115/116/115 117/118/117
f  280/299/280 282/301/282 300/326/300
f  279/298/279 34/34/34 305/333/305
f  253/263/253 252/262/252 306/334/306
f  162/164/162 159/161/159 158/160/158
f  307/335/307 115/116/115 275/289/275
f  281/300/281 308/336/308 282/301/282
f  179/182/179 166/169/166 176/179/176
f  176/179/176 140/141/140 141/142/141
f  193/196/193 50/50/50 309/337/309
f  50/50/50 222/231/222 310/338/310
f  311/339/311 271/285/271 273/287/273
f  176/179/176 177/180/177 178/181/178
f  2/2/2 120/121/120 312/340/312
f  224/233/224 226/235/226 10/10/10
f  313/341/313 314/342/314 12/12/12
f  129/130/129 315/343/315 135/136/135
f  129/130/129 128/129/128 285/306/285
f  316/344/316 270/284/270 95/95/95
f  159/161/159 316/344/316 160/162/160
f  167/170/167 36/36/36 35/35/35
f  177/180/177 311/339/311 273/287/273
f  317/345/317 149/151/149 107/107/107
f  149/151/149 156/165/156 228/237/228
f  14/212/14 205/346/205 195/198/195
f  13/13/13 23/276/23 14/14/14
f  314/342/314 318/347/318 224/233/224
f  319/348/319 224/233/224 318/347/318
f  205/349/205 14/14/14 320/350/320
f  205/351/205 77/77/77 206/352/206
f  187/190/187 180/183/180 126/127/126
f  101/101/101 54/54/54 56/56/56
f  154/209/154 150/152/150 202/207/202
f  154/209/154 151/153/151 150/152/150
f  288/310/288 74/74/74 76/76/76
f  81/81/81 74/74/74 220/229/220
f  58/58/58 321/353/321 59/59/59
f  322/354/322 216/225/216 323/355/323
f  141/142/141 72/72/72 61/61/61
f  61/61/61 72/72/72 260/271/260
f  317/345/317 147/149/147 149/151/149
f  182/185/182 324/356/324 109/109/109
f  312/340/312 215/224/215 204/211/204
f  15/357/15 14/212/14 204/211/204
f  67/67/67 66/66/66 219/228/219
f  68/68/68 325/358/325 255/265/255
f  138/139/138 152/154/152 304/359/304
f  140/141/140 165/168/165 138/139/138
f  180/183/180 56/147/56 181/184/181
f  56/147/56 180/183/180 187/190/187
f  326/360/326 271/285/271 311/339/311
f  272/286/272 271/285/271 327/361/327
f  281/300/281 20/20/20 157/159/157
f  281/300/281 157/159/157 328/362/328
f  324/356/324 182/185/182 51/51/51
f  141/142/141 139/140/139 72/72/72
f  141/142/141 138/139/138 139/140/139
f  289/311/289 244/254/244 4/4/4
f  329/363/329 4/4/4 239/249/239
f  256/266/256 330/364/330 135/136/135
f  172/175/172 330/364/330 256/266/256
f  300/326/300 275/289/275 227/291/227
f  300/326/300 307/335/307 275/289/275
f  296/322/296 33/33/33 294/316/294
f  296/322/296 294/316/294 295/321/295
f  238/248/238 237/247/237 24/24/24
f  24/278/24 286/308/286 238/307/238
f  331/365/331 321/353/321 332/366/332
f  173/176/173 218/227/218 174/177/174
f  333/367/333 241/251/241 106/106/106
f  102/102/102 297/323/297 42/42/42
f  208/216/208 207/215/207 334/368/334
f  99/99/99 188/191/188 189/192/189
f  333/367/333 106/106/106 42/42/42
f  17/17/17 135/136/135 330/364/330
f  172/175/172 57/57/57 330/364/330
f  295/321/295 294/316/294 301/327/301
f  247/257/247 295/321/295 302/328/302
f  264/277/264 23/276/23 13/13/13
f  335/369/335 13/13/13 117/118/117
f  336/370/336 20/20/20 198/202/198
f  337/371/337 70/70/70 69/69/69
f  330/364/330 57/57/57 17/17/17
f  18/18/18 17/17/17 57/57/57
f  118/119/118 227/236/227 214/223/214
f  214/223/214 119/120/119 118/119/118
f  338/372/338 7/7/7 9/9/9
f  338/373/338 103/103/103 339/374/339
f  340/375/340 341/376/341 234/244/234
f  341/376/341 222/231/222 234/244/234
f  291/313/291 124/125/124 278/297/278
f  59/59/59 321/353/321 124/125/124
f  198/202/198 342/377/342 343/378/343
f  342/377/342 198/202/198 274/288/274
f  316/344/316 95/95/95 186/189/186
f  186/189/186 95/95/95 94/94/94
f  201/205/201 266/280/266 192/206/192
f  145/146/145 193/196/193 142/143/142
f  113/114/113 115/116/115 328/362/328
f  307/335/307 308/336/308 115/116/115
f  207/215/207 267/281/267 211/219/211
f  207/215/207 211/219/211 334/368/334
f  39/39/39 203/210/203 40/40/40
f  56/147/56 147/149/147 181/184/181
f  344/379/344 147/149/147 317/345/317
f  190/193/190 145/380/145 144/319/144
f  135/136/135 315/343/315 299/325/299
f  81/81/81 82/82/82 261/272/261
f  46/46/46 81/81/81 220/229/220
f  195/200/195 205/213/205 161/163/161
f  195/200/195 161/163/161 162/164/162
f  345/381/345 7/7/7 338/372/338
f  306/334/306 232/241/232 253/263/253
f  130/131/130 47/47/47 16/16/16
f  16/16/16 121/122/121 123/124/123
f  260/271/260 346/382/346 60/60/60
f  347/383/347 35/35/35 37/37/37
f  87/87/87 137/138/137 348/384/348
f  348/384/348 235/245/235 234/244/234
f  349/385/349 7/7/7 345/381/345
f  7/7/7 305/333/305 34/34/34
f  185/188/185 158/160/158 160/162/160
f  346/382/346 350/386/350 60/60/60
f  261/272/261 82/82/82 84/84/84
f  348/384/348 137/138/137 22/22/22
f  78/78/78 137/138/137 79/79/79
f  318/347/318 20/20/20 319/348/319
f  20/20/20 313/341/313 197/201/197
f  216/225/216 322/354/322 66/66/66
f  268/387/268 66/66/66 199/203/199
f  168/171/168 183/186/183 111/388/111
f  347/383/347 111/388/111 35/35/35
f  79/79/79 137/138/137 86/86/86
f  161/163/161 206/214/206 90/90/90
f  271/285/271 212/221/212 240/250/240
f  212/221/212 179/182/179 240/250/240
f  265/389/265 19/19/19 351/390/351
f  351/390/351 19/19/19 21/21/21
f  110/391/110 168/171/168 111/388/111
f  9/9/9 8/8/8 110/391/110
f  329/363/329 239/249/239 229/238/229
f  230/239/230 229/238/229 352/392/352
f  124/125/124 321/353/321 125/126/125
f  64/64/64 323/355/323 216/225/216
f  238/318/238 265/279/265 27/27/27
f  27/27/27 26/26/26 238/318/238
f  167/170/167 169/172/169 326/360/326
f  326/360/326 327/361/327 271/285/271
f  156/158/156 226/235/226 227/291/227
f  156/165/156 227/236/227 228/237/228
f  247/257/247 243/303/243 73/73/73
f  295/321/295 247/257/247 73/73/73
f  175/178/175 68/68/68 255/265/255
f  175/178/175 255/265/255 242/252/242
f  34/34/34 326/360/326 169/172/169
f  169/172/169 8/8/8 34/34/34
f  82/82/82 45/45/45 298/324/298
f  43/43/43 45/45/45 41/41/41
f  114/115/114 265/389/265 238/307/238
f  265/389/265 114/115/114 19/19/19
f  171/174/171 105/105/105 241/251/241
f  270/284/270 269/283/269 171/174/171
f  278/297/278 122/123/122 291/313/291
f  153/155/153 128/129/128 122/123/122
f  75/302/75 80/393/80 71/71/71
f  80/393/80 346/382/346 260/271/260
f  235/245/235 348/384/348 22/22/22
f  237/247/237 22/22/22 24/24/24
f  93/93/93 269/283/269 270/284/270
f  91/91/91 93/93/93 170/173/170
f  331/365/331 332/366/332 174/177/174
f  57/57/57 174/177/174 58/58/58
f  107/107/107 163/166/163 259/270/259
f  107/107/107 149/151/149 228/237/228
f  21/21/21 20/20/20 336/370/336
f  343/378/343 342/377/342 337/394/337
f  239/249/239 6/6/6 126/127/126
f  229/238/229 239/249/239 352/392/352
f  125/126/125 321/353/321 323/355/323
f  321/353/321 331/365/331 323/355/323
f  191/194/191 190/193/190 315/343/315
f  299/325/299 315/343/315 190/193/190
f  119/120/119 312/340/312 120/121/120
f  119/120/119 215/224/215 312/340/312
f  218/227/218 217/226/217 322/354/322
f  331/365/331 174/177/174 218/227/218
f  304/359/304 31/31/31 138/139/138
f  33/33/33 138/139/138 31/31/31
f  220/229/220 74/74/74 288/310/288
f  203/210/203 220/229/220 40/40/40
f  222/231/222 283/304/283 284/305/284
f  222/231/222 50/50/50 283/304/283
f  36/36/36 311/339/311 177/180/177
f  141/142/141 36/36/36 177/180/177
f  82/82/82 81/81/81 46/46/46
f  82/82/82 46/46/46 45/45/45
f  189/192/189 101/101/101 187/395/187
f  101/101/101 56/56/56 187/395/187
f  317/345/317 107/107/107 109/109/109
f  109/109/109 344/379/344 317/345/317
f  121/122/121 18/18/18 59/59/59
f  18/18/18 121/122/121 16/16/16
f  106/106/106 103/103/103 102/102/102
f  106/106/106 102/102/102 42/42/42
f  294/316/294 207/215/207 209/217/209
f  98/98/98 294/316/294 209/217/209
f  164/167/164 259/270/259 163/166/163
f  202/207/202 212/221/212 258/269/258
f  258/269/258 155/208/155 202/207/202
f  117/118/117 13/13/13 15/15/15
f  215/224/215 15/357/15 204/211/204
f  352/392/352 52/52/52 230/239/230
f  338/373/338 9/111/9 103/103/103
f  9/111/9 104/104/104 103/103/103
f  213/222/213 212/221/212 272/286/272
f  272/286/272 279/298/279 213/222/213
f  76/76/76 75/75/75 243/253/243
f  75/302/75 73/73/73 243/303/243
f  215/292/215 117/118/117 15/15/15
f  275/289/275 117/118/117 215/292/215
f  332/366/332 58/58/58 174/177/174
f  321/353/321 58/58/58 332/366/332
f  293/315/293 11/11/11 148/396/148
f  11/11/11 156/158/156 148/396/148
f  266/280/266 254/264/254 194/197/194
f  254/264/254 253/263/253 194/197/194
f  329/363/329 229/238/229 127/128/127
f  288/310/288 289/311/289 127/128/127
f  36/36/36 167/170/167 311/339/311
f  311/339/311 167/170/167 326/360/326
f  297/323/297 104/104/104 303/329/303
f  104/104/104 297/323/297 102/102/102
f  107/107/107 228/237/228 163/166/163
f  163/166/163 228/237/228 118/119/118
f  6/397/6 189/192/189 187/395/187
f  189/192/189 6/397/6 99/99/99
f  135/136/135 47/47/47 129/130/129
f  130/131/130 129/130/129 47/47/47
f  263/275/263 32/330/32 62/62/62
f  207/215/207 32/32/32 267/281/267
f  30/30/30 29/29/29 231/240/231
f  30/398/30 92/92/92 91/91/91
f  193/196/193 266/280/266 194/197/194
f  145/146/145 266/280/266 193/196/193
f  315/343/315 285/306/285 191/194/191
f  285/306/285 315/343/315 129/130/129
f  133/134/133 33/33/33 296/322/296
f  73/73/73 133/134/133 296/322/296
f  30/398/30 91/91/91 262/399/262
f  88/88/88 262/399/262 91/91/91
f  37/37/37 36/36/36 60/60/60
f  37/37/37 60/60/60 350/386/350
f  268/387/268 216/225/216 66/66/66
f  353/400/353 216/225/216 268/387/268
f  327/361/327 34/34/34 272/286/272
f  34/34/34 327/361/327 326/360/326
f  198/202/198 343/378/343 336/370/336
f  21/21/21 336/370/336 343/378/343
f  158/160/158 354/401/354 162/164/162
f  185/188/185 354/401/354 158/160/158
f  55/55/55 251/261/251 355/402/355
f  356/403/356 292/314/292 293/315/293
f  67/67/67 68/68/68 70/70/70
f  325/358/325 68/68/68 67/67/67
f  1/1/1 195/198/195 196/404/196
f  292/314/292 356/403/356 357/405/357
f  250/260/250 355/402/355 251/261/251
f  281/300/281 319/348/319 20/20/20
f  225/234/225 281/300/281 280/299/280
f  236/317/236 26/26/26 136/137/136
f  25/25/25 136/137/136 26/26/26
f  65/65/65 342/406/342 199/203/199
f  70/70/70 65/65/65 67/67/67
f  250/260/250 292/314/292 357/405/357
f  11/11/11 292/314/292 250/260/250
f  352/392/352 239/249/239 126/127/126
f  52/52/52 352/392/352 126/127/126
f  302/328/302 295/321/295 301/327/301
f  301/327/301 132/133/132 302/328/302
f  220/229/220 288/310/288 40/40/40
f  288/310/288 127/128/127 40/40/40
f  85/85/85 284/305/284 290/312/290
f  284/305/284 85/85/85 87/87/87
f  168/171/168 8/8/8 169/172/169
f  8/8/8 168/171/168 110/391/110
f  70/70/70 337/371/337 342/406/342
f  342/406/342 65/65/65 70/70/70
f  312/340/312 204/211/204 3/3/3
f  3/3/3 2/2/2 312/340/312
f  90/407/90 86/86/86 88/274/88
f  90/407/90 79/79/79 86/86/86
f  232/241/232 306/334/306 349/385/349
f  7/7/7 349/385/349 305/333/305
f  334/368/334 211/219/211 210/218/210
f  100/100/100 101/101/101 188/191/188
f  50/50/50 310/338/310 309/337/309
f  142/143/142 341/376/341 143/144/143
f  306/334/306 305/333/305 349/385/349
f  252/262/252 305/333/305 306/334/306
f  96/96/96 171/174/171 241/251/241
f  298/324/298 45/45/45 43/43/43
f  303/329/303 43/43/43 297/323/297
f  234/244/234 222/231/222 221/230/221
f  221/230/221 223/232/223 234/244/234
f  115/116/115 308/336/308 328/362/328
f  308/336/308 281/300/281 328/362/328
f  358/408/358 194/197/194 29/29/29
f  358/408/358 29/29/29 49/49/49
f  331/365/331 322/354/322 323/355/323
f  331/365/331 218/227/218 322/354/322
f  299/325/299 190/193/190 144/319/144
f  299/325/299 144/319/144 136/137/136
f  223/232/223 87/87/87 348/384/348
f  234/244/234 223/232/223 348/384/348
f  358/408/358 49/49/49 48/48/48
f  48/48/48 194/197/194 358/408/358
f  130/131/130 16/16/16 123/124/123
f  130/131/130 123/124/123 128/129/128
f  320/409/320 359/410/359 78/78/78
f  14/14/14 359/411/359 320/350/320
f  226/235/226 280/299/280 227/291/227
f  225/234/225 280/299/280 226/235/226
f  356/403/356 55/55/55 355/402/355
f  356/403/356 146/268/146 55/55/55
f  151/294/151 154/156/154 153/155/153
f  122/123/122 278/297/278 153/155/153
f  235/245/235 22/22/22 237/247/237
f  235/245/235 237/247/237 236/246/236
f  157/159/157 113/114/113 328/362/328
f  113/114/113 157/159/157 19/19/19
f  51/51/51 181/184/181 324/356/324
f  181/184/181 147/149/147 344/379/344
f  151/294/151 153/155/153 278/297/278
f  277/295/277 151/294/151 278/297/278
f  170/173/170 93/93/93 270/284/270
f  170/173/170 270/284/270 316/344/316
f  335/369/335 117/118/117 116/117/116
f  287/309/287 116/117/116 113/114/113
f  29/29/29 194/197/194 253/263/253
f  232/241/232 29/29/29 253/263/253
f  199/220/199 342/377/342 274/288/274
f  249/259/249 199/220/199 274/288/274
f  24/278/24 264/277/264 286/308/286
f  116/117/116 287/309/287 360/412/360
f  142/143/142 309/337/309 341/376/341
f  193/196/193 309/337/309 142/143/142
f  71/71/71 260/271/260 72/72/72
f  71/71/71 80/393/80 260/271/260
f  264/277/264 360/412/360 286/308/286
f  360/412/360 335/369/335 116/117/116
f  267/281/267 353/413/353 268/282/268
f  32/32/32 353/413/353 267/281/267
f  166/169/166 179/182/179 150/152/150
f  150/152/150 179/182/179 202/207/202
f  180/183/180 51/51/51 53/53/53
f  126/127/126 180/183/180 53/53/53
f  13/13/13 335/369/335 264/277/264
f  360/412/360 264/277/264 335/369/335
f  343/378/343 337/394/337 21/21/21
f  351/390/351 21/21/21 337/394/337
f  300/326/300 282/301/282 307/335/307
f  282/301/282 308/336/308 307/335/307
f  99/99/99 334/368/334 188/191/188
f  100/100/100 188/191/188 334/368/334
f  245/255/245 132/133/132 246/256/246
f  302/328/302 132/133/132 245/255/245
f  318/347/318 314/342/314 313/341/313
f  318/347/318 313/341/313 20/20/20
f  277/295/277 278/297/278 63/63/63
f  304/332/304 277/295/277 63/63/63
f  208/216/208 334/368/334 99/99/99
f  209/217/209 208/216/208 99/99/99
f  251/261/251 55/55/55 54/54/54
f  54/54/54 100/100/100 251/261/251
f  319/348/319 225/234/225 224/233/224
f  281/300/281 225/234/225 319/348/319
f  69/69/69 175/178/175 112/113/112
f  112/113/112 265/279/265 351/414/351
f  329/363/329 289/311/289 4/4/4
f  127/128/127 289/311/289 329/363/329
f  251/261/251 249/259/249 248/258/248
f  251/261/251 210/218/210 249/259/249
f  32/330/32 263/275/263 353/400/353
f  263/275/263 216/225/216 353/400/353
f  351/414/351 69/69/69 112/113/112
f  337/371/337 69/69/69 351/414/351
f  30/398/30 231/415/231 92/92/92
f  231/415/231 233/243/233 92/92/92
f  248/258/248 198/202/198 197/201/197
f  12/12/12 250/260/250 248/258/248
f  22/22/22 137/138/137 78/78/78
f  23/23/23 22/22/22 78/78/78
f  161/163/161 276/293/276 159/161/159
f  159/161/159 276/293/276 316/344/316
f  191/194/191 128/129/128 155/157/155
f  200/416/200 192/195/192 191/194/191
f  77/77/77 320/409/320 78/78/78
f  320/409/320 77/77/77 205/351/205
f  12/12/12 248/258/248 197/201/197
f  313/341/313 12/12/12 197/201/197
f  252/262/252 279/298/279 305/333/305
f  213/222/213 279/298/279 252/262/252
f  200/416/200 191/194/191 155/157/155
f  258/269/258 200/204/200 155/208/155
f  100/100/100 334/368/334 210/218/210
f  100/100/100 210/218/210 251/261/251
f  345/381/345 232/241/232 349/385/349
f  233/242/233 232/241/232 345/381/345
f  10/10/10 12/12/12 314/342/314
f  314/342/314 224/233/224 10/10/10
f  341/376/341 310/338/310 222/231/222
f  341/376/341 309/337/309 310/338/310
f  240/250/240 178/181/178 273/287/273
f  177/180/177 273/287/273 178/181/178
f  286/308/286 360/412/360 287/309/287
f  114/115/114 286/308/286 287/309/287
f  25/25/25 134/135/134 136/137/136
f  135/136/135 134/135/134 257/267/257
f  290/312/290 49/49/49 262/273/262
f  283/304/283 49/49/49 290/312/290
f  5/417/5 243/303/243 246/256/246
f  131/132/131 246/256/246 132/133/132
f  184/187/184 111/112/111 83/83/83
f  83/83/83 298/324/298 184/187/184
f  257/267/257 134/135/134 25/25/25
f  257/267/257 242/252/242 255/265/255
f  186/189/186 185/188/185 160/162/160
f  186/189/186 160/162/160 316/344/316
f  49/49/49 28/28/28 262/273/262
f  49/49/49 29/29/29 28/28/28
f  66/66/66 322/354/322 217/226/217
f  219/228/219 66/66/66 217/226/217
f  340/375/340 234/244/234 236/246/236
f  341/376/341 340/375/340 143/144/143
f  347/383/347 84/418/84 111/388/111
f  261/419/261 84/418/84 350/386/350
f  23/276/23 359/411/359 14/14/14
f  359/410/359 23/23/23 78/78/78
f  165/168/165 150/152/150 152/154/152
f  165/168/165 152/154/152 138/139/138
f  347/383/347 37/37/37 350/386/350
f  347/383/347 350/386/350 84/418/84
f  143/144/143 340/375/340 236/246/236
f  136/137/136 143/320/143 236/317/236
f  304/332/304 62/62/62 31/331/31
f  304/332/304 63/63/63 62/62/62
f  346/382/346 261/419/261 350/386/350
f  346/382/346 80/393/80 261/419/261
f  357/405/357 356/403/356 355/402/355
f  250/260/250 357/405/357 355/402/355
f  121/122/121 59/59/59 291/313/291
f  291/313/291 59/59/59 124/125/124
f  181/184/181 344/379/344 324/356/324
f  324/356/324 344/379/344 109/109/109
f  316/344/316 89/89/89 170/173/170
f  276/293/276 89/89/89 316/344/316
f  5/417/5 97/97/97 6/397/6
f  6/397/6 97/97/97 99/99/99
f  345/381/345 338/372/338 233/242/233
f  339/374/339 233/243/233 338/373/338
f  63/63/63 125/126/125 64/64/64
f  64/64/64 125/126/125 323/355/323
f  192/206/192 266/280/266 145/146/145
f  190/193/190 192/195/192 145/380/145
f  35/35/35 183/186/183 167/170/167
f  183/186/183 35/35/35 111/388/111
f  242/252/242 257/267/257 25/25/25
f  112/113/112 242/252/242 25/25/25
f  339/374/339 103/103/103 105/105/105
f  171/174/171 269/283/269 105/105/105
f  79/79/79 90/407/90 206/352/206
f  77/77/77 79/79/79 206/352/206
f  303/329/303 184/187/184 298/324/298
f  303/329/303 298/324/298 43/43/43
f  269/283/269 233/243/233 339/374/339
f  269/283/269 339/374/339 105/105/105
f  67/67/67 219/228/219 325/358/325
f  219/228/219 218/227/218 173/176/173
f  140/141/140 176/179/176 166/169/166
f  166/169/166 165/168/165 140/141/140
f  131/132/131 97/97/97 5/417/5
f  246/256/246 131/132/131 5/417/5
f  356/403/356 293/315/293 146/268/146
f  293/315/293 148/396/148 146/268/146
f  219/228/219 173/176/173 325/358/325
f  173/176/173 255/265/255 325/358/325
f  244/254/244 289/311/289 76/76/76
f  243/253/243 244/254/244 76/76/76

# Mesh 'CandleProp2_low_CandleProp2_low' with 712 faces
g CandleProp2_low_CandleProp2_low
usemtl Candles1
f  361/420/361 362/421/362 363/422/363
f  364/423/364 365/424/365 366/425/366
f  367/426/367 368/427/368 369/428/369
f  370/429/370 371/430/371 372/431/372
f  373/432/373 374/433/374 375/434/375
f  376/435/376 377/436/377 378/437/378
f  379/438/379 374/433/374 380/439/380
f  381/440/381 382/441/382 383/442/383
f  384/443/384 385/444/385 386/445/386
f  387/446/387 388/447/388 389/448/389
f  390/449/390 391/450/391 392/451/392
f  393/452/393 394/453/394 395/454/395
f  396/455/396 397/456/397 398/457/398
f  399/458/399 361/420/361 363/422/363
f  400/459/400 401/460/401 402/461/402
f  403/462/403 404/463/404 405/464/405
f  401/460/401 400/459/400 406/465/406
f  407/466/407 408/467/408 409/468/409
f  410/469/410 411/470/411 412/471/412
f  413/472/413 414/473/414 415/474/415
f  416/475/416 417/476/417 418/477/418
f  419/478/419 420/479/420 421/480/421
f  382/441/382 381/440/381 422/481/422
f  423/482/423 424/483/424 425/484/425
f  426/485/426 427/486/427 428/487/428
f  429/488/429 430/489/430 375/434/375
f  431/490/431 432/491/432 433/492/433
f  434/493/434 435/494/435 436/495/436
f  437/496/437 438/497/438 439/498/439
f  440/499/440 441/500/441 442/501/442
f  443/502/443 425/484/425 444/503/444
f  445/504/445 446/505/446 447/506/447
f  448/507/448 449/508/449 450/509/450
f  413/472/413 448/507/448 450/509/450
f  438/497/438 451/510/451 439/498/439
f  452/511/452 365/424/365 453/512/453
f  454/513/454 455/514/455 456/515/456
f  457/516/457 458/517/458 459/518/459
f  460/519/460 461/520/461 462/521/462
f  463/522/463 464/523/464 465/524/465
f  404/463/404 466/525/466 405/464/405
f  391/450/391 467/526/467 392/451/392
f  391/527/391 412/471/412 468/528/468
f  469/529/469 470/530/470 471/531/471
f  472/532/472 420/479/420 419/478/419
f  473/533/473 474/534/474 475/535/475
f  476/536/476 477/537/477 421/480/421
f  478/538/478 479/539/479 480/540/480
f  481/541/481 432/491/432 431/490/431
f  482/542/482 483/543/483 484/544/484
f  485/545/485 390/449/390 486/546/486
f  487/547/487 488/548/488 489/549/489
f  490/550/490 491/551/491 492/552/492
f  493/553/493 479/539/479 494/554/494
f  398/457/398 455/514/455 396/455/396
f  495/555/495 496/556/496 497/557/497
f  498/558/498 499/559/499 496/560/496
f  500/561/500 501/562/501 502/563/502
f  503/564/503 504/565/504 505/566/505
f  506/567/506 503/564/503 507/568/507
f  508/569/508 509/570/509 429/488/429
f  510/571/510 511/572/511 512/573/512
f  513/574/513 514/575/514 515/576/515
f  516/577/516 517/578/517 518/579/518
f  519/580/519 361/420/361 399/458/399
f  520/581/520 521/582/521 522/583/522
f  523/584/523 479/539/479 524/585/524
f  525/586/525 482/542/482 484/544/484
f  526/587/526 527/588/527 525/586/525
f  528/589/528 521/582/521 520/581/520
f  529/590/529 530/591/530 531/592/531
f  532/593/532 533/594/533 534/595/534
f  447/506/447 446/505/446 535/596/535
f  433/492/433 536/597/536 537/598/537
f  538/599/538 539/600/539 536/597/536
f  519/580/519 540/601/540 361/420/361
f  541/602/541 542/603/542 543/604/543
f  492/552/492 544/605/544 545/606/545
f  546/607/546 407/466/407 409/468/409
f  547/608/547 548/609/548 549/610/549
f  403/462/403 549/610/549 404/463/404
f  388/447/388 387/446/387 390/449/390
f  550/611/550 376/435/376 551/612/551
f  514/575/514 513/574/513 552/613/552
f  553/614/553 554/615/554 555/616/555
f  394/453/394 393/452/393 369/617/369
f  498/558/498 556/618/556 379/438/379
f  557/619/557 495/620/495 558/621/558
f  559/622/559 501/562/501 500/561/500
f  501/562/501 559/622/559 560/623/560
f  561/624/561 372/431/372 562/625/562
f  510/571/510 515/576/515 511/572/511
f  563/626/563 415/474/415 410/469/410
f  564/627/564 565/628/565 530/591/530
f  566/629/566 567/630/567 568/631/568
f  569/632/569 570/633/570 428/487/428
f  382/441/382 571/634/571 383/442/383
f  572/635/572 573/636/573 574/637/574
f  554/615/554 553/614/553 364/423/364
f  435/494/435 575/638/575 436/495/436
f  576/639/576 542/603/542 541/602/541
f  528/589/528 577/640/577 578/641/578
f  523/642/523 579/643/579 528/589/528
f  484/544/484 580/644/580 525/586/525
f  581/645/581 428/487/428 427/486/427
f  582/646/582 583/647/583 584/648/584
f  536/597/536 433/492/433 585/649/585
f  435/494/435 437/496/437 575/638/575
f  377/436/377 586/650/586 587/651/587
f  588/652/588 544/605/544 589/653/589
f  588/652/588 545/606/545 544/605/544
f  536/597/536 590/654/590 591/655/591
f  536/597/536 592/656/592 590/654/590
f  471/531/471 470/530/470 593/657/593
f  468/528/468 594/658/594 391/527/391
f  595/659/595 596/660/596 524/661/524
f  597/662/597 595/663/595 454/513/454
f  598/664/598 424/483/424 423/482/423
f  599/665/599 600/666/600 601/667/601
f  602/668/602 603/669/603 604/670/604
f  368/427/368 367/426/367 605/671/605
f  558/672/558 495/555/495 516/577/516
f  526/587/526 425/673/425 527/588/527
f  380/439/380 374/433/374 373/432/373
f  606/674/606 549/675/549 607/676/607
f  524/585/524 608/677/608 595/663/595
f  493/553/493 455/514/455 608/677/608
f  463/522/463 465/524/465 609/678/609
f  610/679/610 611/680/611 551/612/551
f  612/681/612 416/475/416 613/682/613
f  429/488/429 509/570/509 430/489/430
f  614/683/614 615/684/615 373/432/373
f  616/685/616 570/633/570 569/632/569
f  602/668/602 617/686/617 603/669/603
f  530/591/530 520/581/520 531/592/531
f  378/437/378 463/522/463 376/435/376
f  618/687/618 619/688/619 620/689/620
f  619/688/619 454/513/454 620/689/620
f  621/690/621 375/434/375 622/691/622
f  621/690/621 601/667/601 600/666/600
f  540/601/540 541/602/541 361/420/361
f  361/420/361 541/602/541 543/604/543
f  467/526/467 421/480/421 623/692/623
f  392/451/392 624/693/624 390/449/390
f  625/694/625 393/452/393 626/695/626
f  589/653/589 627/696/627 628/697/628
f  577/640/577 606/674/606 607/676/607
f  607/676/607 578/641/578 577/640/577
f  629/698/629 630/699/630 397/456/397
f  538/599/538 536/597/536 591/655/591
f  487/547/487 489/549/489 522/583/522
f  371/430/371 370/429/370 491/551/491
f  439/498/439 451/510/451 631/700/631
f  576/639/576 575/638/575 542/603/542
f  493/553/493 396/455/396 455/514/455
f  632/701/632 384/443/384 629/698/629
f  633/702/633 565/628/565 564/627/564
f  633/702/633 615/684/615 565/628/565
f  371/430/371 491/551/491 490/550/490
f  546/607/546 545/606/545 407/466/407
f  473/533/473 475/535/475 383/442/383
f  634/703/634 503/564/503 506/567/506
f  481/541/481 431/490/431 385/444/385
f  632/701/632 635/704/635 481/541/481
f  555/616/555 394/453/394 636/705/636
f  470/530/470 472/706/472 593/657/593
f  527/588/527 637/707/637 516/577/516
f  363/422/363 389/448/389 399/458/399
f  383/442/383 638/708/638 639/709/639
f  599/665/599 640/710/640 600/666/600
f  641/711/641 457/516/457 642/712/642
f  459/518/459 643/713/643 457/516/457
f  644/714/644 645/715/645 408/467/408
f  533/594/533 572/635/572 574/637/574
f  566/629/566 568/631/568 440/716/440
f  440/499/440 434/493/434 441/500/441
f  611/680/611 646/717/646 551/612/551
f  438/497/438 461/520/461 647/718/647
f  571/634/571 570/633/570 616/685/616
f  602/668/602 604/670/604 648/719/648
f  363/422/363 649/720/649 389/448/389
f  380/439/380 373/432/373 615/684/615
f  380/439/380 615/684/615 633/702/633
f  512/573/512 532/593/532 534/595/534
f  449/508/449 650/721/650 651/722/651
f  652/723/652 500/561/500 475/535/475
f  648/719/648 604/670/604 653/724/653
f  537/598/537 536/597/536 539/600/539
f  386/445/386 385/444/385 431/490/431
f  654/725/654 655/726/655 656/727/656
f  422/481/422 656/727/656 599/665/599
f  496/560/496 495/620/495 657/728/657
f  557/619/557 658/729/658 495/620/495
f  652/723/652 659/730/659 500/561/500
f  367/426/367 500/561/500 659/730/659
f  660/731/660 415/474/415 613/682/613
f  418/477/418 631/700/631 647/718/647
f  547/732/547 661/733/661 508/569/508
f  585/649/585 592/656/592 536/597/536
f  662/734/662 663/735/663 658/729/658
f  375/434/375 664/736/664 622/691/622
f  468/528/468 471/531/471 665/737/665
f  411/470/411 445/504/445 447/506/447
f  383/442/383 475/535/475 666/738/666
f  500/561/500 502/563/502 475/535/475
f  588/652/588 407/466/407 545/606/545
f  667/739/667 644/714/644 408/467/408
f  427/486/427 598/664/598 581/645/581
f  422/481/422 599/665/599 668/740/668
f  519/580/519 442/501/442 540/601/540
f  669/741/669 517/578/517 497/557/497
f  591/655/591 618/687/618 670/742/670
f  504/565/504 502/563/502 501/562/501
f  665/737/665 594/658/594 468/528/468
f  665/743/665 421/480/421 467/526/467
f  460/519/460 462/521/462 413/472/413
f  413/472/413 415/474/415 660/731/660
f  579/744/579 523/584/523 524/585/524
f  521/582/521 487/547/487 522/583/522
f  671/745/671 508/569/508 429/488/429
f  672/746/672 429/488/429 673/747/673
f  644/714/644 667/739/667 674/748/674
f  452/511/452 628/697/628 627/696/627
f  466/525/466 675/749/675 432/491/432
f  478/538/478 432/491/432 481/541/481
f  676/750/676 445/504/445 411/470/411
f  651/722/651 650/721/650 445/504/445
f  638/708/638 654/725/654 639/709/639
f  677/751/677 640/710/640 655/726/655
f  678/752/678 679/753/679 406/465/406
f  587/651/587 378/437/378 377/436/377
f  625/694/625 626/695/626 680/754/680
f  589/653/589 454/755/454 681/756/681
f  640/710/640 672/746/672 600/666/600
f  682/757/682 429/488/429 672/746/672
f  651/722/651 445/504/445 676/750/676
f  415/474/415 414/473/414 410/469/410
f  567/630/567 683/758/683 684/759/684
f  406/465/406 685/760/685 678/752/678
f  623/692/623 421/480/421 686/761/686
f  477/537/477 687/762/687 421/480/421
f  640/710/640 677/751/677 688/763/688
f  640/710/640 682/757/682 672/746/672
f  549/610/549 548/609/548 404/463/404
f  404/463/404 675/749/675 466/525/466
f  416/475/416 543/604/543 542/603/542
f  689/764/689 567/630/567 684/759/684
f  400/459/400 685/760/685 406/465/406
f  477/537/477 483/543/483 687/762/687
f  617/686/617 616/685/616 569/632/569
f  690/765/690 443/502/443 444/503/444
f  662/734/662 658/729/658 557/619/557
f  480/540/480 479/539/479 523/584/523
f  607/766/607 691/767/691 578/768/578
f  567/630/567 689/764/689 400/459/400
f  402/461/402 567/630/567 400/459/400
f  686/761/686 483/543/483 482/542/482
f  390/449/390 624/693/624 486/546/486
f  437/769/437 586/650/586 550/611/550
f  438/770/438 437/769/437 550/611/550
f  621/690/621 690/765/690 444/503/444
f  444/503/444 601/667/601 621/690/621
f  515/576/515 514/575/514 458/517/458
f  511/572/511 515/576/515 372/431/372
f  417/476/417 416/475/416 542/603/542
f  692/771/692 542/603/542 575/638/575
f  693/772/693 480/540/480 405/464/405
f  691/767/691 480/540/480 523/584/523
f  424/483/424 598/664/598 601/667/601
f  598/664/598 427/486/427 668/740/668
f  561/624/561 511/572/511 372/431/372
f  408/467/408 532/593/532 694/773/694
f  695/774/695 432/491/432 478/538/478
f  480/540/480 693/772/693 478/538/478
f  441/500/441 436/495/436 575/638/575
f  434/493/434 436/495/436 441/500/441
f  429/488/429 375/434/375 673/747/673
f  375/434/375 621/690/621 673/747/673
f  489/549/489 492/552/492 491/551/491
f  642/712/642 489/549/489 641/711/641
f  696/775/696 560/623/560 619/776/619
f  680/754/680 619/777/619 625/694/625
f  382/441/382 427/486/427 426/485/426
f  571/634/571 382/441/382 426/485/426
f  697/778/697 378/437/378 679/753/679
f  378/437/378 587/651/587 679/753/679
f  632/701/632 629/698/629 635/704/635
f  396/455/396 629/698/629 397/456/397
f  698/779/698 634/703/634 506/567/506
f  508/569/508 671/745/671 582/646/582
f  485/545/485 525/586/525 527/588/527
f  525/586/525 485/545/485 486/546/486
f  464/523/464 463/522/463 699/780/699
f  378/437/378 699/780/699 463/522/463
f  608/677/608 455/514/455 595/663/595
f  454/513/454 595/663/595 455/514/455
f  624/693/624 686/761/686 482/542/482
f  624/693/624 623/692/623 686/761/686
f  427/486/427 422/481/422 668/740/668
f  427/486/427 382/441/382 422/481/422
f  508/569/508 592/781/592 547/732/547
f  508/569/508 582/646/582 584/648/584
f  418/477/418 647/718/647 660/731/660
f  647/718/647 461/520/461 460/519/460
f  618/687/618 696/782/696 619/688/619
f  696/782/696 618/687/618 591/655/591
f  661/733/661 549/675/549 606/674/606
f  661/733/661 547/732/547 549/675/549
f  616/685/616 648/719/648 571/634/571
f  473/533/473 648/719/648 474/534/474
f  514/575/514 459/518/459 458/517/458
f  611/680/611 700/783/700 646/717/646
f  527/588/527 399/458/399 389/448/389
f  485/545/485 527/588/527 389/448/389
f  544/605/544 454/755/454 589/653/589
f  544/605/544 597/784/597 454/755/454
f  465/524/465 701/785/701 702/786/702
f  611/680/611 702/786/702 703/787/703
f  506/567/506 671/745/671 698/779/698
f  704/788/704 688/763/688 682/757/682
f  563/626/563 410/469/410 412/471/412
f  384/443/384 539/600/539 630/699/630
f  629/698/629 384/443/384 630/699/630
f  705/789/705 706/790/706 379/438/379
f  379/438/379 499/559/499 498/558/498
f  707/791/707 420/792/420 472/793/472
f  476/794/476 603/669/603 617/686/617
f  481/541/481 708/795/708 478/538/478
f  708/795/708 481/541/481 635/704/635
f  513/574/513 515/576/515 510/571/510
f  462/521/462 448/507/448 413/472/413
f  709/796/709 705/789/705 633/702/633
f  633/702/633 564/627/564 710/797/710
f  708/795/708 635/704/635 396/455/396
f  635/704/635 629/698/629 396/455/396
f  394/453/394 369/617/369 636/705/636
f  636/798/636 369/428/369 707/791/707
f  642/712/642 522/583/522 489/549/489
f  699/780/699 522/583/522 464/523/464
f  711/799/711 624/693/624 392/451/392
f  467/526/467 711/799/711 392/451/392
f  472/800/472 555/616/555 636/705/636
f  636/798/636 707/791/707 472/793/472
f  664/736/664 379/438/379 556/618/556
f  662/734/662 712/801/712 663/735/663
f  425/484/425 443/502/443 558/621/558
f  425/673/425 637/707/637 527/588/527
f  702/786/702 514/575/514 703/787/703
f  700/783/700 611/680/611 703/787/703
f  713/802/713 664/736/664 556/618/556
f  664/736/664 713/802/713 622/691/622
f  376/435/376 550/611/550 377/436/377
f  377/436/377 550/611/550 586/650/586
f  581/803/581 580/644/580 484/544/484
f  423/482/423 581/645/581 598/664/598
f  700/783/700 514/575/514 552/613/552
f  700/783/700 703/787/703 514/575/514
f  374/433/374 714/804/714 375/434/375
f  374/433/374 379/438/379 714/804/714
f  581/803/581 423/805/423 580/644/580
f  425/673/425 526/587/526 423/805/423
f  516/577/516 495/555/495 517/578/517
f  517/578/517 495/555/495 497/557/497
f  438/770/438 551/612/551 646/717/646
f  550/611/550 551/612/551 438/770/438
f  367/426/367 369/428/369 393/806/393
f  393/806/393 625/807/625 559/622/559
f  490/550/490 546/607/546 371/430/371
f  562/625/562 372/431/372 371/430/371
f  557/619/557 558/621/558 443/502/443
f  557/619/557 443/502/443 690/765/690
f  442/501/442 441/500/441 540/601/540
f  441/500/441 575/638/575 576/639/576
f  715/808/715 471/531/471 468/528/468
f  468/528/468 412/471/412 715/808/715
f  716/809/716 568/631/568 402/461/402
f  568/631/568 567/630/567 402/461/402
f  615/684/615 661/733/661 606/674/606
f  615/684/615 606/674/606 577/640/577
f  409/468/409 562/625/562 546/607/546
f  546/607/546 562/625/562 371/430/371
f  473/533/473 383/442/383 571/634/571
f  648/719/648 473/533/473 571/634/571
f  592/781/592 583/647/583 590/810/590
f  505/566/505 504/565/504 590/810/590
f  524/661/524 487/547/487 579/643/579
f  488/548/488 487/547/487 524/661/524
f  449/811/449 534/595/534 650/812/650
f  574/637/574 535/813/535 446/814/446
f  373/432/373 430/489/430 614/683/614
f  373/432/373 375/434/375 430/489/430
f  416/475/416 418/477/418 613/682/613
f  418/477/418 660/731/660 613/682/613
f  691/767/691 523/584/523 578/768/578
f  528/589/528 578/641/578 523/642/523
f  622/691/622 713/802/713 712/801/712
f  713/802/713 556/618/556 712/801/712
f  574/637/574 573/636/573 535/813/535
f  553/614/553 555/616/555 469/815/469
f  401/460/401 587/651/587 586/650/586
f  435/816/435 586/650/586 437/769/437
f  612/681/612 613/682/613 415/474/415
f  662/734/662 622/691/622 712/801/712
f  690/765/690 662/734/662 557/619/557
f  497/557/497 440/499/440 442/501/442
f  669/741/669 497/557/497 442/501/442
f  419/478/419 421/480/421 665/743/665
f  593/657/593 665/737/665 471/531/471
f  413/472/413 450/509/450 414/473/414
f  414/473/414 651/722/651 676/750/676
f  479/539/479 608/677/608 524/585/524
f  479/539/479 493/553/493 608/677/608
f  710/797/710 709/796/709 633/702/633
f  706/790/706 705/789/705 709/796/709
f  555/616/555 470/817/470 469/815/469
f  470/817/470 555/616/555 472/800/472
f  569/632/569 483/818/483 477/819/477
f  569/632/569 428/487/428 483/818/483
f  489/549/489 488/548/488 492/552/492
f  595/659/595 597/784/597 596/660/596
f  496/560/496 499/559/499 566/629/566
f  706/790/706 709/796/709 566/629/566
f  573/636/573 572/635/572 453/512/453
f  645/715/645 452/511/452 453/512/453
f  476/794/476 617/686/617 477/819/477
f  477/819/477 617/686/617 569/632/569
f  590/654/590 504/820/504 591/655/591
f  504/820/504 696/782/696 591/655/591
f  533/594/533 408/467/408 645/715/645
f  408/467/408 533/594/533 532/593/532
f  589/653/589 680/754/680 627/696/627
f  681/756/681 680/754/680 589/653/589
f  699/780/699 520/581/520 522/583/522
f  520/581/520 697/778/697 531/592/531
f  573/636/573 453/512/453 553/614/553
f  469/815/469 573/636/573 553/614/553
f  605/671/605 603/669/603 368/427/368
f  707/791/707 603/669/603 476/794/476
f  558/672/558 637/707/637 425/673/425
f  637/707/637 558/672/558 516/577/516
f  529/590/529 531/592/531 678/752/678
f  529/590/529 678/752/678 710/797/710
f  665/743/665 467/526/467 594/821/594
f  391/450/391 594/821/594 467/526/467
f  616/685/616 602/668/602 648/719/648
f  602/668/602 616/685/616 617/686/617
f  614/683/614 661/733/661 615/684/615
f  509/570/509 717/822/717 430/489/430
f  699/780/699 697/778/697 520/581/520
f  699/780/699 378/437/378 697/778/697
f  385/444/385 632/701/632 481/541/481
f  632/701/632 385/444/385 384/443/384
f  588/652/588 718/823/718 407/466/407
f  628/697/628 452/511/452 674/748/674
f  582/646/582 671/745/671 506/567/506
f  582/646/582 506/567/506 507/568/507
f  451/510/451 438/497/438 647/718/647
f  451/510/451 647/718/647 631/700/631
f  369/428/369 368/427/368 707/791/707
f  707/791/707 368/427/368 603/669/603
f  628/697/628 718/823/718 588/652/588
f  589/653/589 628/697/628 588/652/588
f  654/725/654 638/708/638 698/779/698
f  698/779/698 638/708/638 634/703/634
f  568/824/568 435/494/435 434/493/434
f  440/499/440 568/824/568 434/493/434
f  474/534/474 652/723/652 475/535/475
f  648/719/648 653/724/653 474/534/474
f  639/709/639 654/725/654 656/727/656
f  656/727/656 422/481/422 381/440/381
f  474/534/474 653/724/653 652/723/652
f  719/825/719 659/730/659 652/723/652
f  644/714/644 452/511/452 645/715/645
f  674/748/674 452/511/452 644/714/644
f  437/496/437 439/498/439 575/638/575
f  439/498/439 692/771/692 575/638/575
f  428/826/428 581/803/581 484/544/484
f  483/543/483 428/826/428 484/544/484
f  634/703/634 666/738/666 503/564/503
f  503/564/503 666/738/666 504/565/504
f  534/595/534 533/594/533 574/637/574
f  534/595/534 574/637/574 446/814/446
f  441/500/441 576/639/576 540/601/540
f  541/602/541 540/601/540 576/639/576
f  655/726/655 640/710/640 599/665/599
f  655/726/655 599/665/599 656/727/656
f  628/697/628 674/748/674 718/823/718
f  674/748/674 667/739/667 718/823/718
f  498/558/498 658/729/658 663/735/663
f  495/620/495 658/729/658 657/728/657
f  513/574/513 510/571/510 462/827/462
f  461/828/461 513/574/513 462/827/462
f  691/767/691 607/766/607 403/462/403
f  607/766/607 549/610/549 403/462/403
f  482/542/482 525/586/525 486/546/486
f  486/546/486 624/693/624 482/542/482
f  370/429/370 372/431/372 458/517/458
f  515/576/515 458/517/458 372/431/372
f  542/603/542 692/771/692 417/476/417
f  631/700/631 418/477/418 417/476/417
f  705/789/705 379/438/379 380/439/380
f  705/789/705 380/439/380 633/702/633
f  492/552/492 596/660/596 597/784/597
f  597/784/597 544/605/544 492/552/492
f  399/458/399 518/579/518 519/580/519
f  669/741/669 442/501/442 519/580/519
f  461/828/461 552/613/552 513/574/513
f  438/770/438 646/717/646 461/828/461
f  386/445/386 431/490/431 539/600/539
f  384/443/384 386/445/386 539/600/539
f  627/696/627 365/424/365 452/511/452
f  393/452/393 395/454/395 626/695/626
f  667/739/667 408/467/408 407/466/407
f  407/466/407 718/823/718 667/739/667
f  720/829/720 548/609/548 547/608/547
f  592/656/592 585/649/585 547/608/547
f  643/713/643 642/712/642 457/516/457
f  642/712/642 721/830/721 522/583/522
f  453/512/453 365/424/365 364/423/364
f  553/614/553 453/512/453 364/423/364
f  679/753/679 587/651/587 406/465/406
f  401/460/401 406/465/406 587/651/587
f  493/553/493 708/795/708 396/455/396
f  494/554/494 708/795/708 493/553/493
f  701/785/701 465/524/465 464/523/464
f  464/523/464 522/583/522 701/785/701
f  366/425/366 554/615/554 364/423/364
f  395/454/395 394/453/394 366/425/366
f  526/587/526 525/586/525 580/644/580
f  580/644/580 423/805/423 526/587/526
f  619/777/619 680/754/680 681/756/681
f  681/831/681 454/513/454 619/688/619
f  447/506/447 722/832/722 715/808/715
f  722/832/722 447/506/447 535/596/535
f  554/615/554 366/425/366 394/453/394
f  554/615/554 394/453/394 555/616/555
f  668/740/668 601/667/601 598/664/598
f  668/740/668 599/665/599 601/667/601
f  646/717/646 700/783/700 552/613/552
f  552/613/552 461/828/461 646/717/646
f  447/506/447 715/808/715 723/833/723
f  412/471/412 723/833/723 715/808/715
f  615/684/615 577/640/577 565/628/565
f  565/628/565 577/640/577 530/591/530
f  621/690/621 600/666/600 673/747/673
f  672/746/672 673/747/673 600/666/600
f  411/470/411 447/506/447 723/833/723
f  412/471/412 411/470/411 723/833/723
f  605/671/605 719/825/719 604/670/604
f  603/669/603 605/671/605 604/670/604
f  399/458/399 516/577/516 518/579/518
f  399/458/399 527/588/527 516/577/516
f  450/509/450 449/508/449 651/722/651
f  414/473/414 450/509/450 651/722/651
f  584/648/584 592/781/592 508/569/508
f  592/781/592 584/648/584 583/647/583
f  376/435/376 610/679/610 551/612/551
f  463/522/463 609/678/609 376/435/376
f  497/557/497 496/556/496 440/499/440
f  496/560/496 566/629/566 440/716/440
f  433/492/433 432/491/432 675/749/675
f  433/492/433 548/609/548 720/829/720
f  559/622/559 625/807/625 560/623/560
f  560/623/560 625/807/625 619/776/619
f  610/679/610 465/524/465 611/680/611
f  465/524/465 702/786/702 611/680/611
f  548/609/548 675/749/675 404/463/404
f  433/492/433 675/749/675 548/609/548
f  684/759/684 678/752/678 689/764/689
f  683/758/683 678/752/678 684/759/684
f  712/801/712 556/618/556 663/735/663
f  663/735/663 556/618/556 498/558/498
f  478/538/478 708/795/708 494/554/494
f  478/538/478 494/554/494 479/539/479
f  678/752/678 531/592/531 679/753/679
f  531/592/531 697/778/697 679/753/679
f  701/785/701 643/713/643 459/518/459
f  522/583/522 721/830/721 701/785/701
f  573/636/573 469/815/469 535/813/535
f  535/596/535 469/529/469 722/832/722
f  429/488/429 682/757/682 671/745/671
f  698/779/698 671/745/671 682/757/682
f  702/786/702 459/518/459 514/575/514
f  702/786/702 701/785/701 459/518/459
f  691/767/691 403/462/403 405/464/405
f  691/767/691 405/464/405 480/540/480
f  401/460/401 716/809/716 402/461/402
f  401/460/401 586/650/586 716/809/716
f  721/830/721 642/712/642 643/713/643
f  643/713/643 701/785/701 721/830/721
f  618/687/618 620/689/620 397/456/397
f  618/687/618 397/456/397 670/742/670
f  395/454/395 365/424/365 626/695/626
f  365/424/365 395/454/395 366/425/366
f  716/809/716 586/650/586 435/816/435
f  568/631/568 716/809/716 435/816/435
f  454/513/454 456/515/456 620/689/620
f  398/457/398 456/515/456 455/514/455
f  370/429/370 641/711/641 491/551/491
f  489/549/489 491/551/491 641/711/641
f  530/591/530 577/640/577 528/589/528
f  520/581/520 530/591/530 528/589/528
f  656/727/656 381/440/381 639/709/639
f  383/442/383 639/709/639 381/440/381
f  620/689/620 456/515/456 398/457/398
f  398/457/398 397/456/397 620/689/620
f  660/731/660 647/718/647 460/519/460
f  460/519/460 413/472/413 660/731/660
f  400/459/400 689/764/689 685/760/685
f  685/760/685 689/764/689 678/752/678
f  475/535/475 502/563/502 666/738/666
f  504/565/504 666/738/666 502/563/502
f  538/599/538 591/655/591 670/742/670
f  670/742/670 397/456/397 630/699/630
f  683/758/683 566/629/566 709/796/709
f  683/758/683 567/630/567 566/629/566
f  466/525/466 432/491/432 695/774/695
f  405/464/405 466/525/466 693/772/693
f  453/512/453 572/635/572 645/715/645
f  533/594/533 645/715/645 572/635/572
f  720/829/720 547/608/547 585/649/585
f  433/492/433 720/829/720 585/649/585
f  510/571/510 512/573/512 448/834/448
f  448/834/448 462/827/462 510/571/510
f  488/548/488 596/660/596 492/552/492
f  596/660/596 488/548/488 524/661/524
f  710/797/710 683/758/683 709/796/709
f  678/752/678 683/758/683 710/797/710
f  504/565/504 501/562/501 696/775/696
f  560/623/560 696/775/696 501/562/501
f  511/572/511 532/593/532 512/573/512
f  511/572/511 694/773/694 532/593/532
f  389/448/389 649/720/649 387/446/387
f  431/490/431 433/492/433 537/598/537
f  431/490/431 537/598/537 539/600/539
f  590/810/590 583/647/583 505/566/505
f  507/568/507 583/647/583 582/646/582
f  626/695/626 365/424/365 627/696/627
f  626/695/626 627/696/627 680/754/680
f  420/792/420 707/791/707 476/794/476
f  476/536/476 421/480/421 420/479/420
f  507/568/507 505/566/505 583/647/583
f  507/568/507 503/564/503 505/566/505
f  676/750/676 411/470/411 410/469/410
f  410/469/410 414/473/414 676/750/676
f  528/589/528 579/643/579 521/582/521
f  579/643/579 487/547/487 521/582/521
f  605/671/605 659/730/659 719/825/719
f  659/730/659 605/671/605 367/426/367
f  534/595/534 446/814/446 650/812/650
f  445/504/445 650/721/650 446/505/446
f  375/434/375 714/804/714 664/736/664
f  714/804/714 379/438/379 664/736/664
f  717/822/717 509/570/509 661/733/661
f  661/733/661 509/570/509 508/569/508
f  562/625/562 409/468/409 561/624/561
f  694/773/694 511/572/511 561/624/561
f  439/498/439 631/700/631 692/771/692
f  692/771/692 631/700/631 417/476/417
f  706/790/706 566/629/566 499/559/499
f  379/438/379 706/790/706 499/559/499
f  661/733/661 614/683/614 717/822/717
f  430/489/430 717/822/717 614/683/614
f  409/468/409 694/773/694 561/624/561
f  409/468/409 408/467/408 694/773/694
f  519/580/519 518/579/518 669/741/669
f  518/579/518 517/578/517 669/741/669
f  695/774/695 478/538/478 693/772/693
f  695/774/695 693/772/693 466/525/466
f  426/485/426 570/633/570 571/634/571
f  570/633/570 426/485/426 428/487/428
f  722/832/722 471/531/471 715/808/715
f  469/529/469 471/531/471 722/832/722
f  564/627/564 530/591/530 529/590/529
f  529/590/529 710/797/710 564/627/564
f  662/734/662 690/765/690 622/691/622
f  690/765/690 621/690/621 622/691/622
f  654/725/654 698/779/698 677/751/677
f  655/726/655 654/725/654 677/751/677
f  472/532/472 419/478/419 593/835/593
f  593/835/593 419/478/419 665/743/665
f  512/573/512 449/811/449 448/834/448
f  449/811/449 512/573/512 534/595/534
f  634/703/634 638/708/638 383/442/383
f  383/442/383 666/738/666 634/703/634
f  546/607/546 490/550/490 545/606/545
f  490/550/490 492/552/492 545/606/545
f  604/670/604 719/825/719 653/724/653
f  719/825/719 652/723/652 653/724/653
f  376/435/376 609/678/609 610/679/610
f  609/678/609 465/524/465 610/679/610
f  711/799/711 623/692/623 624/693/624
f  711/799/711 467/526/467 623/692/623
f  543/604/543 362/421/362 361/420/361
f  538/599/538 630/699/630 539/600/539
f  538/599/538 670/742/670 630/699/630
f  698/779/698 688/763/688 677/751/677
f  688/763/688 698/779/698 682/757/682
f  421/480/421 687/762/687 686/761/686
f  687/762/687 483/543/483 686/761/686
f  444/503/444 424/483/424 601/667/601
f  425/484/425 424/483/424 444/503/444
f  485/545/485 389/448/389 388/447/388
f  388/447/388 390/449/390 485/545/485
f  704/788/704 682/757/682 640/710/640
f  704/788/704 640/710/640 688/763/688
f  657/728/657 658/729/658 498/558/498
f  496/560/496 657/728/657 498/558/498
f  370/429/370 457/516/457 641/711/641
f  370/429/370 458/517/458 457/516/457
f  559/622/559 500/561/500 367/426/367
f  559/622/559 367/426/367 393/806/393

# Mesh 'CandleProp3_low_CandleProp3_low' with 695 faces
g CandleProp3_low_CandleProp3_low
usemtl Candles1
f  724/836/724 725/837/725 726/838/726
f  727/839/727 728/840/728 729/841/729
f  730/842/730 731/843/731 732/844/732
f  733/845/733 734/846/734 735/847/735
f  736/848/736 737/849/737 738/850/738
f  739/851/739 740/852/740 741/853/741
f  742/854/742 743/855/743 744/856/744
f  745/857/745 746/858/746 747/859/747
f  733/860/733 748/861/748 734/862/734
f  749/863/749 750/864/750 751/865/751
f  752/866/752 753/867/753 754/868/754
f  755/869/755 756/870/756 757/871/757
f  747/859/747 758/872/758 759/873/759
f  760/874/760 761/875/761 762/876/762
f  763/877/763 764/878/764 765/879/765
f  766/880/766 767/881/767 768/882/768
f  769/883/769 770/884/770 771/885/771
f  772/886/772 773/887/773 774/888/774
f  742/854/742 775/889/775 776/890/776
f  777/891/777 778/892/778 779/893/779
f  780/894/780 781/895/781 782/896/782
f  783/897/783 784/898/784 785/899/785
f  786/900/786 787/901/787 788/902/788
f  789/903/789 790/904/790 791/905/791
f  792/906/792 793/907/793 767/881/767
f  794/908/794 795/909/795 796/910/796
f  797/911/797 798/912/798 799/913/799
f  800/914/800 801/915/801 802/916/802
f  803/917/803 804/918/804 760/874/760
f  805/919/805 806/920/806 807/921/807
f  808/922/808 724/836/724 726/838/726
f  809/923/809 810/924/810 811/925/811
f  812/926/812 810/924/810 809/923/809
f  813/927/813 814/928/814 815/929/815
f  749/863/749 751/865/751 816/930/816
f  817/931/817 818/932/818 819/933/819
f  820/934/820 821/935/821 822/936/822
f  823/937/823 824/938/824 825/939/825
f  811/925/811 779/893/779 826/940/826
f  798/912/798 797/911/797 827/941/827
f  828/942/828 829/943/829 830/944/830
f  831/945/831 832/946/832 833/947/833
f  834/948/834 835/949/835 836/950/836
f  837/951/837 815/929/815 838/952/838
f  839/953/839 840/954/840 841/955/841
f  842/956/842 843/957/843 841/955/841
f  844/958/844 845/959/845 846/960/846
f  818/932/818 817/931/817 847/961/847
f  848/962/848 849/963/849 752/866/752
f  850/964/850 851/965/851 852/966/852
f  853/967/853 854/968/854 733/860/733
f  855/969/855 784/970/784 856/971/856
f  857/972/857 780/894/780 782/896/782
f  858/973/858 766/880/766 859/974/859
f  860/975/860 861/976/861 862/977/862
f  863/978/863 832/946/832 831/945/831
f  864/979/864 865/980/865 866/981/866
f  867/982/867 868/983/868 865/980/865
f  869/984/869 870/985/870 848/962/848
f  806/920/806 871/986/871 807/921/807
f  872/987/872 873/988/873 874/989/874
f  875/990/875 876/991/876 743/855/743
f  877/992/877 744/856/744 743/855/743
f  772/886/772 824/938/824 773/887/773
f  878/993/878 879/994/879 770/884/770
f  813/927/813 880/995/880 814/928/814
f  881/996/881 882/997/882 883/998/883
f  884/999/884 885/1000/885 886/1001/886
f  840/954/840 887/1002/887 888/1003/888
f  889/1004/889 890/1005/890 891/1006/891
f  871/986/871 892/1007/892 807/921/807
f  812/926/812 809/923/809 893/1008/893
f  737/849/737 736/848/736 894/1009/894
f  895/1010/895 885/1000/885 896/1011/896
f  897/1012/897 740/852/740 898/1013/898
f  797/911/797 799/913/799 899/1014/899
f  900/1015/900 901/1016/901 902/1017/902
f  903/1018/903 904/1019/904 905/1020/905
f  906/1021/906 907/1022/907 908/1023/908
f  909/1024/909 746/858/746 910/1025/910
f  911/1026/911 786/900/786 788/902/788
f  855/969/855 912/1027/912 913/1028/913
f  914/1029/914 757/871/757 915/1030/915
f  916/1031/916 750/864/750 917/1032/917
f  918/1033/918 802/916/802 919/1034/919
f  920/1035/920 910/1025/910 921/1036/921
f  785/899/785 922/1037/922 783/897/783
f  763/877/763 730/842/730 764/878/764
f  902/1017/902 901/1016/901 903/1038/903
f  750/864/750 749/863/749 917/1032/917
f  923/1039/923 733/845/733 924/1040/924
f  853/1041/853 733/845/733 925/1042/925
f  920/1035/920 762/876/762 761/875/761
f  926/1043/926 927/1044/927 909/1024/909
f  757/871/757 928/1045/928 916/1031/916
f  757/871/757 756/870/756 928/1045/928
f  929/1046/929 882/997/882 881/996/881
f  882/997/882 929/1046/929 930/1047/930
f  931/1048/931 932/1049/932 933/1050/933
f  934/1051/934 821/935/821 935/1052/935
f  936/1053/936 770/884/770 879/994/879
f  937/1054/937 738/850/738 938/1055/938
f  922/1037/922 939/1056/939 783/897/783
f  808/922/808 940/1057/940 724/836/724
f  777/891/777 724/836/724 778/892/778
f  834/948/834 941/1058/941 835/949/835
f  942/1059/942 943/1060/943 924/1040/924
f  887/1002/887 840/954/840 944/1061/944
f  816/930/816 945/1062/945 902/1017/902
f  862/977/862 946/1063/946 860/975/860
f  760/874/760 947/1064/947 761/875/761
f  898/1013/898 948/1065/948 897/1012/897
f  938/1055/938 738/850/738 949/1066/949
f  950/1067/950 869/984/869 951/1068/951
f  952/1069/952 951/1068/951 953/1070/953
f  954/1071/954 890/1005/890 955/1072/955
f  890/1005/890 758/872/758 747/859/747
f  956/1073/956 957/1074/957 797/1075/797
f  957/1074/957 958/1076/958 797/1075/797
f  869/984/869 848/962/848 959/1077/959
f  952/1069/952 953/1070/953 960/1078/960
f  903/1018/903 905/1020/905 961/1079/961
f  931/1048/931 933/1050/933 962/1080/962
f  801/915/801 800/914/800 803/917/803
f  801/915/801 921/1036/921 963/1081/963
f  964/1082/964 863/978/863 831/945/831
f  835/949/835 829/1083/829 828/1084/828
f  965/1085/965 966/1086/966 967/1087/967
f  965/1085/965 968/1088/968 966/1086/966
f  811/925/811 917/1089/917 969/1090/969
f  916/1091/916 917/1089/917 811/925/811
f  853/1041/853 925/1042/925 850/964/850
f  970/1092/970 971/1093/971 972/1094/972
f  732/844/732 764/878/764 730/842/730
f  872/987/872 845/959/845 873/988/873
f  855/969/855 973/1095/973 912/1027/912
f  841/955/841 974/1096/974 839/953/839
f  975/1097/975 976/1098/976 977/1099/977
f  978/1100/978 961/1079/961 979/1101/979
f  779/893/779 811/925/811 969/1090/969
f  980/1102/980 889/1004/889 968/1103/968
f  981/1104/981 936/1053/936 982/1105/982
f  738/850/738 739/851/739 741/853/741
f  949/1066/949 738/850/738 741/853/741
f  983/1106/983 731/843/731 787/901/787
f  744/856/744 877/992/877 984/1107/984
f  870/985/870 869/984/869 950/1067/950
f  870/985/870 950/1067/950 985/1108/985
f  888/1003/888 842/956/842 840/954/840
f  841/955/841 840/954/840 842/956/842
f  833/947/833 832/946/832 790/904/790
f  772/886/772 825/939/825 824/938/824
f  962/1080/962 979/1101/979 931/1048/931
f  986/1109/986 927/1044/927 987/1110/987
f  927/1044/927 988/1111/988 987/1110/987
f  936/1112/936 989/1113/989 990/1114/990
f  814/928/814 880/995/880 991/1115/991
f  728/840/728 992/1116/992 729/841/729
f  899/1014/899 799/913/799 993/1117/993
f  994/1118/994 895/1010/895 896/1011/896
f  883/998/883 882/997/882 886/1001/886
f  935/1052/935 821/935/821 820/934/820
f  753/867/753 755/869/755 754/868/754
f  903/1038/903 901/1016/901 904/1119/904
f  776/890/776 775/889/775 823/1120/823
f  995/1121/995 942/1059/942 996/1122/996
f  997/1123/997 998/1124/998 958/1076/958
f  908/1023/908 864/979/864 874/989/874
f  999/1125/999 1000/1126/1000 1001/1127/1001
f  992/1116/992 1002/1128/1002 729/841/729
f  796/910/796 993/1117/993 794/908/794
f  837/951/837 1003/1129/1003 816/930/816
f  1003/1129/1003 1004/1130/1004 816/930/816
f  734/846/734 1005/1131/1005 735/847/735
f  1005/1131/1005 995/1121/995 996/1122/996
f  988/1111/988 927/1044/927 926/1043/926
f  926/1043/926 1006/1132/1006 988/1111/988
f  1002/1128/1002 992/1116/992 1007/1133/1007
f  784/970/784 992/1116/992 856/971/856
f  1008/1134/1008 837/951/837 816/930/816
f  820/934/820 822/936/822 756/870/756
f  726/838/726 805/919/805 807/921/807
f  1009/1135/1009 939/1056/939 922/1037/922
f  787/901/787 731/843/731 730/842/730
f  1010/1136/1010 1011/1137/1011 800/914/800
f  859/974/859 852/966/852 851/965/851
f  955/1072/955 746/858/746 954/1071/954
f  746/858/746 909/1024/909 927/1044/927
f  742/854/742 776/890/776 1012/1138/1012
f  1003/1129/1003 944/1061/944 1004/1130/1004
f  791/905/791 1013/1139/1013 1014/1140/1014
f  727/839/727 1013/1139/1013 791/905/791
f  1015/1141/1015 804/918/804 800/914/800
f  804/918/804 803/917/803 800/914/800
f  981/1104/981 982/1105/982 889/1004/889
f  878/993/878 889/1004/889 982/1105/982
f  1016/1142/1016 876/991/876 983/1106/983
f  773/1143/773 786/900/786 911/1026/911
f  756/870/756 1017/1144/1017 1018/1145/1018
f  816/930/816 751/865/751 1019/1146/1019
f  937/1054/937 938/1055/938 1020/1147/1020
f  784/898/784 1020/1147/1020 795/1148/795
f  1021/1149/1021 781/895/781 931/1048/931
f  780/894/780 931/1048/931 781/895/781
f  756/870/756 1018/1145/1018 1022/1150/1022
f  1022/1150/1022 928/1045/928 756/870/756
f  817/931/817 819/933/819 990/1114/990
f  934/1051/934 990/1114/990 989/1113/989
f  1023/1151/1023 843/957/843 842/956/842
f  888/1003/888 1023/1151/1023 842/956/842
f  983/1106/983 876/991/876 731/843/731
f  731/843/731 876/991/876 875/990/875
f  899/1014/899 993/1117/993 796/910/796
f  948/1065/948 898/1013/898 956/1073/956
f  968/1088/968 965/1085/965 1024/1152/1024
f  980/1153/980 968/1088/968 1025/1154/1025
f  770/884/770 936/1053/936 971/1155/971
f  971/1155/971 771/885/771 770/884/770
f  775/889/775 1026/1156/1026 823/1120/823
f  1026/1156/1026 744/856/744 984/1107/984
f  995/1121/995 1005/1131/1005 1027/1157/1027
f  958/1076/958 827/1158/827 797/1075/797
f  815/929/815 1025/1154/1025 838/952/838
f  815/929/815 1028/1159/1028 1025/1154/1025
f  868/983/868 737/849/737 1029/1160/1029
f  866/981/866 765/879/765 845/959/845
f  969/1090/969 1030/1161/1030 779/893/779
f  777/891/777 779/893/779 1030/1161/1030
f  1027/1157/1027 1031/1162/1031 995/1121/995
f  995/1121/995 1031/1162/1031 998/1124/998
f  814/928/814 1028/1159/1028 815/929/815
f  991/1115/991 1028/1159/1028 814/928/814
f  798/912/798 834/948/834 836/950/836
f  798/912/798 789/903/789 791/905/791
f  998/1124/998 767/881/767 942/1059/942
f  942/1059/942 995/1121/995 998/1124/998
f  803/917/803 1032/1163/1032 801/915/801
f  762/876/762 920/1035/920 1032/1163/1032
f  791/905/791 790/904/790 727/839/727
f  1033/1164/1033 792/906/792 1034/1165/1034
f  740/852/740 1035/1166/1035 898/1013/898
f  917/1089/917 903/1018/903 969/1090/969
f  917/1032/917 902/1017/902 903/1038/903
f  1036/1167/1036 865/980/865 999/1125/999
f  1036/1167/1036 867/982/867 865/980/865
f  1009/1135/1009 763/877/763 939/1056/939
f  736/848/736 738/850/738 937/1054/937
f  952/1069/952 757/871/757 914/1029/914
f  754/868/754 755/869/755 757/871/757
f  971/1155/971 970/1168/970 771/885/771
f  1037/1169/1037 1038/1170/1038 771/885/771
f  867/982/867 946/1063/946 862/977/862
f  1039/1171/1039 1040/1172/1040 862/977/862
f  798/912/798 836/950/836 789/903/789
f  836/950/836 1041/1173/1041 833/947/833
f  892/1007/892 893/1008/893 807/921/807
f  893/1008/893 726/838/726 807/921/807
f  1042/1174/1042 898/1013/898 1043/1175/1043
f  997/1123/997 1034/1165/1034 998/1124/998
f  758/872/758 878/993/878 759/873/759
f  1044/1176/1044 801/915/801 963/1081/963
f  977/1099/977 1045/1177/1045 975/1097/975
f  1046/1178/1046 1047/1179/1047 974/1096/974
f  1041/1173/1041 835/949/835 964/1082/964
f  1041/1173/1041 836/950/836 835/949/835
f  997/1123/997 898/1013/898 1042/1174/1042
f  898/1013/898 957/1074/957 956/1073/956
f  813/927/813 815/929/815 837/951/837
f  1048/1180/1048 1017/1144/1017 837/951/837
f  843/957/843 906/1021/906 841/955/841
f  1047/1179/1047 1046/1178/1046 1045/1177/1045
f  826/940/826 809/923/809 811/925/811
f  778/892/778 724/836/724 940/1057/940
f  821/935/821 934/1051/934 989/1113/989
f  880/995/880 813/927/813 821/935/821
f  784/970/784 795/909/795 1007/1133/1007
f  992/1116/992 784/970/784 1007/1133/1007
f  999/1125/999 1001/1127/1001 1036/1167/1036
f  947/1181/947 860/975/860 946/1063/946
f  968/1088/968 1024/1152/1024 1025/1154/1025
f  887/1002/887 1025/1154/1025 888/1003/888
f  1048/1180/1048 1018/1145/1018 1017/1144/1017
f  1018/1145/1018 1019/1146/1019 1022/1150/1022
f  912/1027/912 857/972/857 782/896/782
f  731/843/731 875/990/875 1049/1182/1049
f  975/1097/975 1045/1177/1045 873/988/873
f  791/905/791 799/913/799 798/912/798
f  1014/1140/1014 799/913/799 791/905/791
f  883/998/883 895/1010/895 994/1118/994
f  1040/1172/1040 867/982/867 862/977/862
f  1005/1131/1005 734/846/734 985/1183/985
f  941/1058/941 829/1083/829 835/949/835
f  850/964/850 970/1184/970 1050/1185/1050
f  1037/1186/1037 850/964/850 1051/1187/1051
f  890/1005/890 954/1071/954 986/1109/986
f  891/1006/891 890/1005/890 966/1188/966
f  741/853/741 740/852/740 897/1012/897
f  948/1065/948 741/853/741 897/1012/897
f  901/1016/901 776/890/776 904/1119/904
f  1012/1138/1012 776/890/776 901/1016/901
f  853/967/853 819/933/819 854/968/854
f  1050/1185/1050 853/1041/853 850/964/850
f  1000/1126/1000 988/1189/988 1001/1127/1001
f  988/1189/988 1000/1126/1000 1052/1190/1052
f  883/998/883 886/1001/886 895/1010/895
f  895/1010/895 886/1001/886 885/1000/885
f  1053/1191/1053 839/953/839 974/1096/974
f  1054/1192/1054 1055/1193/1055 1053/1191/1053
f  933/1050/933 777/891/777 1030/1161/1030
f  1043/1175/1043 898/1013/898 1035/1166/1035
f  1033/1164/1033 793/907/793 792/906/792
f  928/1045/928 750/864/750 916/1031/916
f  750/864/750 928/1045/928 1022/1150/1022
f  1056/1194/1056 965/1085/965 967/1087/967
f  988/1189/988 1052/1190/1052 987/1195/987
f  866/981/866 868/983/868 1029/1160/1029
f  868/983/868 866/981/866 865/980/865
f  861/1196/861 1015/1141/1015 1057/1197/1057
f  881/996/881 1040/1172/1040 1039/1171/1039
f  945/1062/945 816/930/816 1004/1130/1004
f  1053/1191/1053 1058/1198/1058 1054/1192/1054
f  951/1068/951 952/1069/952 914/1029/914
f  951/1199/951 892/1007/892 871/986/871
f  961/1079/961 905/1020/905 979/1101/979
f  825/939/825 905/1020/905 823/937/823
f  742/854/742 1012/1138/1012 1059/1200/1059
f  1059/1200/1059 1060/1201/1060 1054/1192/1054
f  739/851/739 1061/1202/1061 884/999/884
f  738/850/738 1062/1203/1062 739/851/739
f  869/984/869 953/1070/953 951/1068/951
f  959/1077/959 953/1070/953 869/984/869
f  963/1081/963 745/857/745 1044/1176/1044
f  746/858/746 745/857/745 910/1025/910
f  900/1015/900 1012/1138/1012 901/1016/901
f  1059/1200/1059 1012/1138/1012 900/1015/900
f  951/1199/951 914/1204/914 1063/1205/1063
f  914/1204/914 915/1206/915 1063/1205/1063
f  1061/1202/1061 737/849/737 868/983/868
f  739/851/739 1062/1203/1062 1061/1202/1061
f  861/1196/861 804/918/804 1015/1141/1015
f  804/918/804 861/1196/861 860/1207/860
f  975/1097/975 1049/1182/1049 875/990/875
f  975/1097/975 875/990/875 1064/1208/1064
f  929/1046/929 768/882/768 930/1047/930
f  1033/1164/1033 1035/1166/1035 793/907/793
f  736/848/736 1065/1209/1065 894/1009/894
f  939/1056/939 1066/1210/1066 736/848/736
f  755/869/755 753/867/753 935/1052/935
f  847/961/847 849/963/849 848/962/848
f  1053/1191/1053 742/854/742 1058/1198/1058
f  1064/1208/1064 742/854/742 1053/1191/1053
f  1065/1209/1065 736/848/736 1066/1210/1066
f  1067/1211/1067 763/877/763 1068/1212/1068
f  806/920/806 805/919/805 964/1213/964
f  828/942/828 830/944/830 806/920/806
f  1022/1150/1022 1019/1146/1019 751/865/751
f  751/865/751 750/864/750 1022/1150/1022
f  939/1056/939 763/877/763 1066/1210/1066
f  763/877/763 1067/1211/1067 1066/1210/1066
f  839/953/839 944/1061/944 840/954/840
f  1055/1193/1055 839/953/839 1053/1191/1053
f  805/919/805 863/1214/863 964/1213/964
f  810/924/810 916/1091/916 811/925/811
f  915/1030/915 757/871/757 916/1031/916
f  925/1042/925 733/845/733 923/1039/923
f  766/880/766 858/973/858 767/881/767
f  976/1098/976 975/1097/975 1064/1208/1064
f  1064/1208/1064 1053/1191/1053 976/1098/976
f  790/904/790 789/903/789 833/947/833
f  836/950/836 833/947/833 789/903/789
f  810/924/810 1063/1205/1063 915/1206/915
f  915/1206/915 916/1091/916 810/924/810
f  882/997/882 884/999/884 886/1001/886
f  882/997/882 930/1047/930 1069/1215/1069
f  855/969/855 785/1216/785 784/970/784
f  913/1028/913 785/1216/785 855/969/855
f  944/1061/944 1003/1129/1003 887/1002/887
f  837/951/837 838/952/838 1003/1129/1003
f  854/968/854 819/933/819 818/932/818
f  748/861/748 848/962/848 870/985/870
f  765/879/765 1068/1212/1068 763/877/763
f  1029/1160/1029 737/849/737 894/1009/894
f  977/1099/977 1047/1179/1047 1045/1177/1045
f  977/1099/977 976/1098/976 1047/1179/1047
f  748/861/748 1070/1217/1070 848/962/848
f  748/861/748 733/860/733 854/968/854
f  757/871/757 952/1069/952 754/868/754
f  952/1069/952 960/1078/960 754/868/754
f  993/1117/993 799/913/799 1014/1140/1014
f  794/908/794 993/1117/993 1002/1128/1002
f  1056/1194/1056 1023/1151/1023 965/1085/965
f  1023/1151/1023 888/1003/888 965/1085/965
f  754/868/754 1071/1218/1071 1072/1219/1072
f  848/962/848 752/866/752 959/1077/959
f  777/891/777 725/837/725 724/836/724
f  1037/1186/1037 1051/1187/1051 1038/1220/1038
f  1038/1220/1038 1051/1187/1051 1057/1221/1057
f  781/895/781 774/888/774 782/896/782
f  911/1222/911 788/1223/788 913/1028/913
f  1063/1205/1063 810/924/810 812/926/812
f  893/1008/893 1063/1205/1063 812/926/812
f  1071/1218/1071 959/1077/959 1072/1219/1072
f  754/868/754 960/1078/960 1071/1218/1071
f  864/979/864 908/1023/908 1000/1126/1000
f  1052/1190/1052 1000/1126/1000 908/1023/908
f  912/1027/912 782/896/782 913/1028/913
f  782/896/782 911/1222/911 913/1028/913
f  809/923/809 778/892/778 940/1057/940
f  940/1057/940 893/1008/893 809/923/809
f  959/1077/959 960/1078/960 953/1070/953
f  960/1078/960 959/1077/959 1071/1218/1071
f  939/1056/939 736/848/736 937/1054/937
f  783/897/783 939/1056/939 937/1054/937
f  907/1022/907 1023/1151/1023 1056/1194/1056
f  1052/1190/1052 908/1023/908 907/1022/907
f  979/1101/979 825/939/825 931/1048/931
f  979/1101/979 905/1020/905 825/939/825
f  971/1093/971 990/1114/990 972/1094/972
f  936/1112/936 990/1114/990 971/1093/971
f  1043/1175/1043 1035/1166/1035 1033/1164/1033
f  1043/1175/1043 1033/1164/1033 1042/1174/1042
f  1002/1128/1002 993/1117/993 1014/1140/1014
f  1014/1140/1014 1013/1139/1013 1002/1128/1002
f  981/1224/981 1028/1159/1028 936/1112/936
f  889/1004/889 980/1102/980 981/1104/981
f  990/1114/990 819/933/819 972/1094/972
f  853/967/853 1050/1225/1050 819/933/819
f  1034/1165/1034 1042/1174/1042 1033/1164/1033
f  997/1123/997 1042/1174/1042 1034/1165/1034
f  906/1021/906 1045/1177/1045 1046/1178/1046
f  906/1021/906 908/1023/908 874/989/874
f  998/1124/998 792/906/792 767/881/767
f  1034/1165/1034 792/906/792 998/1124/998
f  761/875/761 926/1043/926 909/1024/909
f  926/1043/926 761/875/761 1006/1132/1006
f  1059/1200/1059 1058/1198/1058 742/854/742
f  1059/1200/1059 1054/1192/1054 1058/1198/1058
f  873/988/873 1045/1177/1045 874/989/874
f  1045/1177/1045 906/1021/906 874/989/874
f  937/1054/937 1020/1147/1020 783/897/783
f  783/897/783 1020/1147/1020 784/898/784
f  888/1003/888 1025/1154/1025 1024/1152/1024
f  965/1085/965 888/1003/888 1024/1152/1024
f  1069/1215/1069 739/851/739 884/999/884
f  884/999/884 882/997/882 1069/1215/1069
f  864/979/864 1000/1126/1000 999/1125/999
f  999/1125/999 865/980/865 864/979/864
f  770/884/770 769/883/769 878/993/878
f  1044/1176/1044 759/873/759 878/993/878
f  822/936/822 821/935/821 813/927/813
f  1017/1144/1017 756/870/756 822/936/822
f  884/999/884 1061/1202/1061 885/1000/885
f  896/1011/896 885/1000/885 1061/1202/1061
f  1073/1226/1073 801/915/801 1044/1176/1044
f  1044/1176/1044 878/993/878 1074/1227/1074
f  845/959/845 732/844/732 873/988/873
f  975/1097/975 873/988/873 1049/1182/1049
f  1068/1212/1068 894/1009/894 1065/1209/1065
f  1075/1228/1075 894/1009/894 1068/1212/1068
f  1069/1215/1069 930/1047/930 740/852/740
f  1069/1215/1069 740/852/740 739/851/739
f  1023/1151/1023 907/1022/907 843/957/843
f  843/957/843 907/1022/907 906/1021/906
f  796/1229/796 795/1148/795 938/1055/938
f  795/1148/795 1020/1147/1020 938/1055/938
f  904/1119/904 776/890/776 823/1120/823
f  904/1019/904 823/937/823 905/1020/905
f  938/1055/938 949/1066/949 796/1229/796
f  796/1229/796 949/1066/949 899/1230/899
f  967/1087/967 1052/1190/1052 1056/1194/1056
f  907/1022/907 1056/1194/1056 1052/1190/1052
f  1075/1228/1075 1068/1212/1068 765/879/765
f  866/981/866 1029/1160/1029 765/879/765
f  827/1158/827 958/1076/958 1031/1162/1031
f  998/1124/998 1031/1162/1031 958/1076/958
f  860/1207/860 947/1064/947 760/874/760
f  760/874/760 804/918/804 860/1207/860
f  766/880/766 768/882/768 929/1046/929
f  766/880/766 929/1046/929 881/996/881
f  1026/1156/1026 984/1107/984 773/1143/773
f  1016/1142/1016 786/900/786 773/1143/773
f  898/1013/898 997/1123/997 957/1074/957
f  957/1074/957 997/1123/997 958/1076/958
f  921/1036/921 910/1025/910 963/1081/963
f  745/857/745 963/1081/963 910/1025/910
f  816/930/816 902/1017/902 749/863/749
f  917/1032/917 749/863/749 902/1017/902
f  878/993/878 758/872/758 889/1004/889
f  890/1005/890 889/1004/889 758/872/758
f  774/888/774 911/1222/911 782/896/782
f  773/887/773 911/1222/911 774/888/774
f  893/1008/893 940/1057/940 808/922/808
f  808/922/808 726/838/726 893/1008/893
f  1019/1146/1019 1018/1145/1018 1048/1180/1048
f  816/930/816 1019/1146/1019 1008/1134/1008
f  909/1024/909 910/1025/910 920/1035/920
f  761/875/761 909/1024/909 920/1035/920
f  734/862/734 870/985/870 985/1108/985
f  734/862/734 748/861/748 870/985/870
f  769/883/769 771/885/771 1010/1136/1010
f  771/885/771 1011/1137/1011 1010/1136/1010
f  1054/1192/1054 945/1062/945 1004/1130/1004
f  1054/1192/1054 1004/1130/1004 1055/1193/1055
f  765/879/765 764/878/764 845/959/845
f  764/878/764 732/844/732 845/959/845
f  918/1033/918 1010/1136/1010 802/916/802
f  1010/1136/1010 800/914/800 802/916/802
f  1031/1162/1031 1027/1157/1027 827/1158/827
f  798/912/798 827/941/827 834/948/834
f  773/1143/773 984/1107/984 1016/1142/1016
f  984/1107/984 877/992/877 1016/1142/1016
f  859/974/859 766/880/766 881/996/881
f  1057/1221/1057 881/996/881 1039/1171/1039
f  947/1181/947 946/1063/946 1036/1167/1036
f  1036/1167/1036 946/1063/946 867/982/867
f  1072/1219/1072 752/866/752 754/868/754
f  959/1077/959 752/866/752 1072/1219/1072
f  778/892/778 826/940/826 779/893/779
f  809/923/809 826/940/826 778/892/778
f  1067/1211/1067 1065/1209/1065 1066/1210/1066
f  1065/1209/1065 1067/1211/1067 1068/1212/1068
f  1057/1221/1057 852/966/852 859/974/859
f  859/974/859 881/996/881 1057/1221/1057
f  787/901/787 730/842/730 922/1037/922
f  787/901/787 922/1037/922 785/899/785
f  964/1082/964 831/945/831 1041/1173/1041
f  831/945/831 833/947/833 1041/1173/1041
f  968/1103/968 891/1006/891 966/1188/966
f  889/1004/889 891/1006/891 968/1103/968
f  1015/1141/1015 771/885/771 1038/1170/1038
f  1038/1170/1038 1057/1197/1057 1015/1141/1015
f  834/948/834 1027/1231/1027 941/1058/941
f  827/941/827 1027/1231/1027 834/948/834
f  867/982/867 1040/1172/1040 994/1118/994
f  896/1011/896 867/982/867 994/1118/994
f  951/1199/951 1063/1205/1063 892/1007/892
f  892/1007/892 1063/1205/1063 893/1008/893
f  1021/1149/1021 772/886/772 781/895/781
f  772/886/772 774/888/774 781/895/781
f  896/1011/896 1061/1202/1061 868/983/868
f  868/983/868 867/982/867 896/1011/896
f  1046/1178/1046 974/1096/974 841/955/841
f  841/955/841 906/1021/906 1046/1178/1046
f  1027/1157/1027 1005/1131/1005 941/1232/941
f  1005/1131/1005 985/1183/985 941/1232/941
f  744/856/744 775/889/775 742/854/742
f  775/889/775 744/856/744 1026/1156/1026
f  728/840/728 856/971/856 992/1116/992
f  856/971/856 973/1095/973 855/969/855
f  991/1115/991 880/995/880 936/1112/936
f  936/1112/936 1028/1159/1028 991/1115/991
f  735/847/735 1005/1131/1005 996/1122/996
f  735/847/735 924/1040/924 733/845/733
f  830/944/830 951/1199/951 871/986/871
f  806/920/806 830/944/830 871/986/871
f  759/873/759 1044/1176/1044 745/857/745
f  747/859/747 759/873/759 745/857/745
f  996/1122/996 924/1040/924 735/847/735
f  942/1059/942 924/1040/924 996/1122/996
f  847/961/847 934/1051/934 935/1052/935
f  753/867/753 847/961/847 935/1052/935
f  1032/1163/1032 921/1036/921 801/915/801
f  920/1035/920 921/1036/921 1032/1163/1032
f  1076/1233/1076 925/1042/925 923/1039/923
f  943/1060/943 923/1039/923 924/1040/924
f  985/1108/985 830/1234/830 829/1235/829
f  941/1232/941 985/1183/985 829/1236/829
f  978/1100/978 969/1090/969 961/1079/961
f  969/1090/969 903/1018/903 961/1079/961
f  1032/1163/1032 803/917/803 762/876/762
f  760/874/760 762/876/762 803/917/803
f  1076/1233/1076 767/881/767 1077/1237/1077
f  923/1039/923 943/1060/943 1076/1233/1076
f  752/866/752 849/963/849 753/867/753
f  753/867/753 849/963/849 847/961/847
f  1029/1160/1029 894/1009/894 1075/1228/1075
f  1075/1228/1075 765/879/765 1029/1160/1029
f  794/908/794 1002/1128/1002 1007/1133/1007
f  794/908/794 1007/1133/1007 795/909/795
f  767/881/767 1076/1233/1076 943/1060/943
f  943/1060/943 942/1059/942 767/881/767
f  743/855/743 876/991/876 877/992/877
f  877/992/877 876/991/876 1016/1142/1016
f  856/971/856 728/840/728 973/1095/973
f  874/989/874 864/979/864 872/987/872
f  864/979/864 844/958/844 1078/1238/1078
f  1070/1217/1070 818/932/818 848/962/848
f  847/961/847 848/962/848 818/932/818
f  899/1230/899 949/1066/949 948/1065/948
f  948/1065/948 949/1066/949 741/853/741
f  866/981/866 845/959/845 844/958/844
f  864/979/864 866/981/866 844/958/844
f  1070/1217/1070 854/968/854 818/932/818
f  854/968/854 1070/1217/1070 748/861/748
f  899/1230/899 948/1065/948 956/1073/956
f  797/1075/797 899/1230/899 956/1073/956
f  1078/1238/1078 844/958/844 846/960/846
f  872/987/872 864/979/864 1079/1239/1079
f  944/1061/944 839/953/839 1055/1193/1055
f  1004/1130/1004 944/1061/944 1055/1193/1055
f  872/987/872 846/960/846 845/959/845
f  846/960/846 872/987/872 1079/1239/1079
f  1019/1146/1019 1048/1180/1048 1008/1134/1008
f  1048/1180/1048 837/951/837 1008/1134/1008
f  780/894/780 932/1049/932 931/1048/931
f  955/1072/955 747/859/747 746/858/746
f  890/1005/890 747/859/747 955/1072/955
f  1025/1154/1025 887/1002/887 838/952/838
f  838/952/838 887/1002/887 1003/1129/1003
f  850/964/850 852/966/852 1051/1187/1051
f  1051/1187/1051 852/966/852 1057/1221/1057
f  1006/1132/1006 761/875/761 947/1064/947
f  1001/1127/1001 947/1181/947 1036/1167/1036
f  972/1094/972 819/933/819 1050/1225/1050
f  972/1094/972 1050/1225/1050 970/1092/970
f  933/1050/933 1030/1161/1030 962/1080/962
f  969/1090/969 978/1100/978 1030/1161/1030
f  1074/1227/1074 878/993/878 769/883/769
f  1010/1136/1010 918/1033/918 769/883/769
f  976/1098/976 1053/1191/1053 974/1096/974
f  974/1096/974 1047/1179/1047 976/1098/976
f  983/1106/983 787/901/787 786/900/786
f  1016/1142/1016 983/1106/983 786/900/786
f  978/1100/978 962/1080/962 1030/1161/1030
f  962/1080/962 978/1100/978 979/1101/979
f  729/841/729 1002/1128/1002 1013/1139/1013
f  1013/1139/1013 727/839/727 729/841/729
f  879/994/879 982/1105/982 936/1053/936
f  878/993/878 982/1105/982 879/994/879
f  788/902/788 787/901/787 785/899/785
f  788/1223/788 785/1216/785 913/1028/913
f  740/852/740 930/1047/930 1035/1166/1035
f  1035/1166/1035 930/1047/930 768/882/768
f  847/961/847 817/931/817 934/1051/934
f  934/1051/934 817/931/817 990/1114/990
f  981/1224/981 980/1153/980 1028/1159/1028
f  1025/1154/1025 1028/1159/1028 980/1153/980
f  738/850/738 737/849/737 1062/1203/1062
f  1061/1202/1061 1062/1203/1062 737/849/737
f  881/996/881 883/998/883 1040/1172/1040
f  883/998/883 994/1118/994 1040/1172/1040
f  966/1188/966 890/1005/890 986/1109/986
f  986/1109/986 987/1110/987 966/1188/966
f  771/885/771 970/1168/970 1037/1169/1037
f  970/1184/970 850/964/850 1037/1186/1037
f  1009/1135/1009 730/842/730 763/877/763
f  730/842/730 1009/1135/1009 922/1037/922
f  935/1052/935 820/934/820 755/869/755
f  820/934/820 756/870/756 755/869/755
f  927/1044/927 954/1071/954 746/858/746
f  954/1071/954 927/1044/927 986/1109/986
f  800/914/800 1011/1137/1011 1015/1141/1015
f  1011/1137/1011 771/885/771 1015/1141/1015
f  1059/1200/1059 900/1015/900 1060/1201/1060
f  945/1062/945 1054/1192/1054 1060/1201/1060
f  1079/1239/1079 864/979/864 1078/1238/1078
f  1079/1239/1079 1078/1238/1078 846/960/846
f  1064/1208/1064 743/855/743 742/854/742
f  1064/1208/1064 875/990/875 743/855/743
f  900/1015/900 902/1017/902 945/1062/945
f  1060/1201/1060 900/1015/900 945/1062/945
f  1073/1226/1073 918/1033/918 919/1034/919
f  1044/1176/1044 1074/1227/1074 1073/1226/1073
f  768/882/768 767/881/767 793/907/793
f  1035/1166/1035 768/882/768 793/907/793
f  1039/1171/1039 861/976/861 1057/1221/1057
f  1039/1171/1039 862/977/862 861/976/861
f  1073/1226/1073 1074/1227/1074 918/1033/918
f  918/1033/918 1074/1227/1074 769/883/769
f  1077/1237/1077 925/1042/925 1076/1233/1076
f  850/964/850 925/1042/925 851/965/851
f  825/939/825 1021/1149/1021 931/1048/931
f  825/939/825 772/886/772 1021/1149/1021
f  1006/1240/1006 947/1181/947 1001/1127/1001
f  988/1189/988 1006/1240/1006 1001/1127/1001
f  824/1241/824 823/1120/823 1026/1156/1026
f  1026/1156/1026 773/1143/773 824/1241/824
f  1017/1144/1017 813/927/813 837/951/837
f  1017/1144/1017 822/936/822 813/927/813
f  858/973/858 1077/1237/1077 767/881/767
f  925/1042/925 1077/1237/1077 851/965/851
f  801/915/801 1073/1226/1073 919/1034/919
f  801/915/801 919/1034/919 802/916/802
f  835/949/835 828/1084/828 964/1082/964
f  828/942/828 806/920/806 964/1213/964
f  1077/1237/1077 858/973/858 851/965/851
f  851/965/851 858/973/858 859/974/859
f  989/1113/989 880/995/880 821/935/821
f  880/995/880 989/1113/989 936/1112/936
f  1052/1190/1052 967/1087/967 987/1195/987
f  966/1086/966 987/1195/987 967/1087/967
f  985/1108/985 950/1067/950 830/1234/830
f  830/1234/830 950/1067/950 951/1068/951
f  1049/1182/1049 873/988/873 732/844/732
f  1049/1182/1049 732/844/732 731/843/731

# Mesh 'CandleInt_low_CandleInt_low' with 546 faces
g CandleInt_low_CandleInt_low
usemtl Candles1
f  1080/1242/1080 1081/1243/1081 1082/1244/1082
f  1083/1245/1083 1084/1246/1084 1085/1247/1085
f  1086/1248/1086 1087/1249/1087 1088/1250/1088
f  1089/1251/1089 1090/1252/1090 1091/1253/1091
f  1092/1254/1092 1093/1255/1093 1094/1256/1094
f  1095/1257/1095 1096/1258/1096 1097/1259/1097
f  1098/1260/1098 1099/1261/1099 1100/1262/1100
f  1101/1263/1101 1102/1264/1102 1103/1265/1103
f  1104/1266/1104 1105/1267/1105 1106/1268/1106
f  1089/1251/1089 1107/1269/1107 1108/1270/1108
f  1109/1271/1109 1105/1267/1105 1110/1272/1110
f  1111/1273/1111 1112/1274/1112 1113/1275/1113
f  1114/1276/1114 1115/1277/1115 1116/1278/1116
f  1117/1279/1117 1118/1280/1118 1119/1281/1119
f  1120/1282/1120 1121/1283/1121 1122/1284/1122
f  1123/1285/1123 1098/1260/1098 1100/1262/1100
f  1124/1286/1124 1125/1287/1125 1126/1288/1126
f  1127/1289/1127 1128/1290/1128 1129/1291/1129
f  1130/1292/1130 1131/1293/1131 1132/1294/1132
f  1111/1273/1111 1113/1275/1113 1133/1295/1133
f  1134/1296/1134 1135/1297/1135 1136/1298/1136
f  1137/1299/1137 1110/1272/1110 1138/1300/1138
f  1139/1301/1139 1140/1302/1140 1141/1303/1141
f  1142/1304/1142 1143/1305/1143 1144/1306/1144
f  1145/1307/1145 1146/1308/1146 1147/1309/1147
f  1148/1310/1148 1149/1311/1149 1150/1312/1150
f  1151/1313/1151 1152/1314/1152 1153/1315/1153
f  1154/1316/1154 1155/1317/1155 1156/1318/1156
f  1157/1319/1157 1153/1315/1153 1152/1314/1152
f  1158/1320/1158 1159/1321/1159 1101/1263/1101
f  1160/1322/1160 1161/1323/1161 1162/1324/1162
f  1163/1325/1163 1164/1326/1164 1147/1309/1147
f  1165/1327/1165 1166/1328/1166 1167/1329/1167
f  1168/1330/1168 1169/1331/1169 1140/1302/1140
f  1144/1332/1144 1170/1333/1170 1136/1298/1136
f  1149/1311/1149 1171/1334/1171 1172/1335/1172
f  1167/1336/1167 1173/1337/1173 1174/1338/1174
f  1135/1297/1135 1175/1339/1175 1176/1340/1176
f  1177/1341/1177 1178/1342/1178 1179/1343/1179
f  1180/1344/1180 1098/1345/1098 1181/1346/1181
f  1182/1347/1182 1183/1348/1183 1184/1349/1184
f  1185/1350/1185 1186/1351/1186 1119/1281/1119
f  1167/1336/1167 1166/1352/1166 1173/1337/1173
f  1187/1353/1187 1188/1354/1188 1189/1355/1189
f  1190/1356/1190 1191/1357/1191 1192/1358/1192
f  1193/1359/1193 1194/1360/1194 1195/1361/1195
f  1186/1351/1186 1196/1362/1196 1197/1363/1197
f  1198/1364/1198 1199/1365/1199 1200/1366/1200
f  1098/1345/1098 1201/1367/1201 1181/1346/1181
f  1160/1322/1160 1162/1324/1162 1202/1368/1202
f  1202/1368/1202 1203/1369/1203 1204/1370/1204
f  1121/1283/1121 1205/1371/1205 1206/1372/1206
f  1207/1373/1207 1208/1374/1208 1174/1338/1174
f  1151/1313/1151 1209/1375/1209 1210/1376/1210
f  1109/1271/1109 1106/1268/1106 1105/1267/1105
f  1194/1360/1194 1211/1377/1211 1195/1361/1195
f  1212/1378/1212 1211/1377/1211 1213/1379/1213
f  1137/1299/1137 1138/1300/1138 1214/1380/1214
f  1104/1266/1104 1215/1381/1215 1138/1300/1138
f  1216/1382/1216 1217/1383/1217 1218/1384/1218
f  1219/1385/1219 1220/1386/1220 1221/1387/1221
f  1222/1388/1222 1223/1389/1223 1224/1390/1224
f  1225/1391/1225 1226/1392/1226 1227/1393/1227
f  1204/1370/1204 1203/1369/1203 1228/1394/1228
f  1168/1395/1168 1091/1253/1091 1229/1396/1229
f  1222/1388/1222 1230/1397/1230 1231/1398/1231
f  1232/1399/1232 1231/1398/1231 1230/1397/1230
f  1233/1400/1233 1234/1401/1234 1235/1402/1235
f  1235/1402/1235 1234/1401/1234 1236/1403/1236
f  1237/1404/1237 1238/1405/1238 1239/1406/1239
f  1184/1349/1184 1183/1348/1183 1240/1407/1240
f  1175/1339/1175 1241/1408/1241 1176/1340/1176
f  1242/1409/1242 1243/1410/1243 1244/1411/1244
f  1244/1411/1244 1218/1384/1218 1127/1289/1127
f  1245/1412/1245 1246/1413/1246 1222/1388/1222
f  1247/1414/1247 1248/1415/1248 1093/1255/1093
f  1190/1356/1190 1249/1416/1249 1250/1417/1250
f  1251/1418/1251 1240/1407/1240 1252/1419/1252
f  1253/1420/1253 1132/1294/1132 1131/1293/1131
f  1243/1410/1243 1254/1421/1254 1255/1422/1255
f  1245/1412/1245 1256/1423/1256 1257/1424/1257
f  1257/1424/1257 1258/1425/1258 1259/1426/1259
f  1260/1427/1260 1261/1428/1261 1125/1287/1125
f  1190/1356/1190 1192/1358/1192 1249/1416/1249
f  1185/1350/1185 1262/1429/1262 1186/1351/1186
f  1101/1263/1101 1159/1321/1159 1263/1430/1263
f  1217/1383/1217 1216/1382/1216 1264/1431/1264
f  1265/1432/1265 1097/1259/1097 1266/1433/1266
f  1153/1315/1153 1267/1434/1267 1268/1435/1268
f  1215/1381/1215 1104/1266/1104 1269/1436/1269
f  1167/1329/1167 1270/1437/1270 1165/1327/1165
f  1207/1438/1207 1171/1334/1171 1208/1439/1208
f  1271/1440/1271 1233/1400/1233 1235/1402/1235
f  1096/1258/1096 1272/1441/1272 1097/1259/1097
f  1273/1442/1273 1210/1376/1210 1209/1375/1209
f  1274/1443/1274 1275/1444/1275 1273/1442/1273
f  1124/1286/1124 1260/1427/1260 1125/1287/1125
f  1268/1445/1268 1267/1446/1267 1259/1426/1259
f  1276/1447/1276 1238/1405/1238 1277/1448/1277
f  1278/1449/1278 1233/1400/1233 1279/1450/1279
f  1280/1451/1280 1278/1449/1278 1279/1450/1279
f  1276/1447/1276 1277/1448/1277 1281/1452/1281
f  1277/1448/1277 1258/1425/1258 1281/1452/1281
f  1232/1399/1232 1282/1453/1282 1242/1409/1242
f  1283/1454/1283 1284/1455/1284 1285/1456/1285
f  1286/1457/1286 1287/1458/1287 1288/1459/1288
f  1140/1302/1140 1139/1301/1139 1168/1330/1168
f  1289/1460/1289 1164/1326/1164 1163/1325/1163
f  1290/1461/1290 1098/1345/1098 1180/1344/1180
f  1099/1261/1099 1098/1260/1098 1290/1462/1290
f  1144/1332/1144 1136/1298/1136 1291/1463/1291
f  1142/1304/1142 1144/1306/1144 1291/1464/1291
f  1179/1343/1179 1292/1465/1292 1293/1466/1293
f  1266/1433/1266 1292/1465/1292 1219/1385/1219
f  1282/1453/1282 1294/1467/1294 1254/1421/1254
f  1224/1390/1224 1295/1468/1295 1296/1469/1296
f  1297/1470/1297 1198/1364/1198 1200/1366/1200
f  1094/1256/1094 1297/1471/1297 1298/1472/1298
f  1193/1359/1193 1299/1473/1299 1194/1360/1194
f  1128/1290/1128 1300/1474/1300 1301/1475/1301
f  1141/1303/1141 1302/1476/1302 1139/1301/1139
f  1303/1477/1303 1265/1432/1265 1266/1433/1266
f  1093/1255/1093 1149/1311/1149 1172/1335/1172
f  1205/1371/1205 1207/1373/1207 1206/1372/1206
f  1107/1269/1107 1304/1478/1304 1108/1270/1108
f  1305/1479/1305 1237/1404/1237 1239/1406/1239
f  1120/1282/1120 1122/1284/1122 1146/1308/1146
f  1282/1453/1282 1224/1390/1224 1296/1469/1296
f  1230/1397/1230 1282/1453/1282 1232/1399/1232
f  1306/1480/1306 1297/1470/1297 1200/1366/1200
f  1080/1242/1080 1082/1244/1082 1121/1283/1121
f  1097/1259/1097 1265/1432/1265 1095/1257/1095
f  1307/1481/1307 1302/1476/1302 1141/1303/1141
f  1308/1482/1308 1112/1274/1112 1117/1279/1117
f  1259/1426/1259 1309/1483/1309 1257/1424/1257
f  1295/1484/1295 1157/1319/1157 1310/1485/1310
f  1261/1428/1261 1192/1358/1192 1125/1287/1125
f  1180/1344/1180 1126/1288/1126 1125/1287/1125
f  1293/1466/1293 1177/1341/1177 1179/1343/1179
f  1213/1379/1213 1278/1449/1278 1280/1451/1280
f  1253/1420/1253 1255/1422/1255 1132/1294/1132
f  1274/1443/1274 1160/1322/1160 1275/1444/1275
f  1222/1388/1222 1246/1413/1246 1223/1389/1223
f  1223/1389/1223 1246/1413/1246 1309/1483/1309
f  1311/1486/1311 1238/1405/1238 1237/1404/1237
f  1237/1404/1237 1305/1479/1305 1312/1487/1312
f  1208/1374/1208 1167/1336/1167 1174/1338/1174
f  1313/1488/1313 1167/1329/1167 1208/1439/1208
f  1116/1278/1116 1314/1489/1314 1300/1474/1300
f  1301/1475/1301 1315/1490/1315 1285/1456/1285
f  1316/1491/1316 1130/1292/1130 1317/1492/1317
f  1317/1492/1317 1130/1292/1130 1318/1493/1318
f  1319/1494/1319 1320/1495/1320 1187/1496/1187
f  1321/1497/1321 1320/1498/1320 1319/1499/1319
f  1282/1453/1282 1254/1421/1254 1242/1409/1242
f  1243/1410/1243 1242/1409/1242 1254/1421/1254
f  1206/1372/1206 1207/1373/1207 1174/1338/1174
f  1122/1284/1122 1147/1309/1147 1146/1308/1146
f  1184/1349/1184 1305/1479/1305 1239/1406/1239
f  1184/1349/1184 1099/1261/1099 1182/1347/1182
f  1127/1289/1127 1322/1500/1322 1128/1290/1128
f  1219/1385/1219 1221/1387/1221 1217/1383/1217
f  1118/1280/1118 1185/1350/1185 1119/1281/1119
f  1173/1337/1173 1163/1325/1163 1323/1501/1323
f  1134/1296/1134 1175/1339/1175 1135/1297/1135
f  1245/1412/1245 1324/1502/1324 1256/1423/1256
f  1094/1256/1094 1325/1503/1325 1092/1254/1092
f  1217/1383/1217 1326/1504/1326 1218/1384/1218
f  1217/1383/1217 1327/1505/1327 1326/1504/1326
f  1231/1398/1231 1227/1393/1227 1222/1388/1222
f  1165/1327/1165 1231/1398/1231 1102/1264/1102
f  1261/1428/1261 1260/1427/1260 1328/1506/1328
f  1324/1502/1324 1329/1507/1329 1256/1423/1256
f  1258/1425/1258 1154/1316/1154 1281/1452/1281
f  1085/1247/1085 1194/1508/1194 1299/1509/1299
f  1085/1247/1085 1084/1246/1084 1194/1508/1194
f  1330/1510/1330 1320/1495/1320 1090/1252/1090
f  1321/1497/1321 1331/1511/1331 1320/1498/1320
f  1325/1503/1325 1329/1507/1329 1247/1414/1247
f  1154/1316/1154 1258/1425/1258 1332/1512/1332
f  1173/1337/1173 1323/1501/1323 1174/1338/1174
f  1147/1309/1147 1206/1372/1206 1174/1338/1174
f  1179/1343/1179 1178/1342/1178 1333/1513/1333
f  1084/1246/1084 1211/1514/1211 1194/1508/1194
f  1334/1515/1334 1227/1393/1227 1335/1516/1335
f  1334/1515/1334 1336/1517/1336 1245/1412/1245
f  1298/1472/1298 1332/1512/1332 1325/1503/1325
f  1298/1472/1298 1325/1503/1325 1094/1256/1094
f  1286/1518/1286 1204/1370/1204 1287/1519/1287
f  1337/1520/1337 1204/1370/1204 1286/1518/1286
f  1335/1516/1335 1227/1393/1227 1226/1392/1226
f  1335/1516/1335 1336/1517/1336 1334/1515/1334
f  1113/1275/1113 1112/1274/1112 1308/1482/1308
f  1197/1363/1197 1299/1473/1299 1193/1359/1193
f  1282/1453/1282 1296/1469/1296 1294/1467/1294
f  1152/1314/1152 1151/1313/1151 1210/1376/1210
f  1226/1392/1226 1148/1310/1148 1336/1517/1336
f  1226/1392/1226 1336/1517/1336 1335/1516/1335
f  1213/1379/1213 1280/1451/1280 1212/1378/1212
f  1176/1340/1176 1280/1451/1280 1135/1297/1135
f  1320/1495/1320 1330/1510/1330 1187/1496/1187
f  1250/1521/1250 1251/1418/1251 1252/1419/1252
f  1159/1321/1159 1158/1320/1158 1116/1278/1116
f  1116/1278/1116 1338/1522/1338 1314/1489/1314
f  1274/1443/1274 1161/1323/1161 1160/1322/1160
f  1151/1313/1151 1339/1523/1339 1274/1443/1274
f  1291/1464/1291 1189/1355/1189 1340/1524/1340
f  1291/1463/1291 1136/1298/1136 1189/1525/1189
f  1176/1340/1176 1212/1378/1212 1280/1451/1280
f  1133/1295/1133 1193/1359/1193 1195/1361/1195
f  1159/1321/1159 1115/1277/1115 1262/1526/1262
f  1159/1321/1159 1116/1278/1116 1115/1277/1115
f  1150/1312/1150 1248/1415/1248 1245/1412/1245
f  1245/1412/1245 1248/1415/1248 1324/1502/1324
f  1176/1340/1176 1241/1408/1241 1133/1295/1133
f  1133/1295/1133 1212/1378/1212 1176/1340/1176
f  1173/1337/1173 1166/1352/1166 1185/1350/1185
f  1173/1337/1173 1185/1350/1185 1118/1280/1118
f  1218/1384/1218 1244/1411/1244 1243/1410/1243
f  1218/1384/1218 1253/1420/1253 1216/1382/1216
f  1341/1527/1341 1111/1273/1111 1133/1295/1133
f  1086/1248/1086 1088/1250/1088 1140/1302/1140
f  1140/1302/1140 1331/1511/1331 1321/1497/1321
f  1295/1484/1295 1342/1528/1342 1157/1319/1157
f  1267/1434/1267 1153/1315/1153 1157/1319/1157
f  1203/1369/1203 1339/1523/1339 1109/1271/1109
f  1151/1313/1151 1109/1271/1109 1339/1523/1339
f  1128/1290/1128 1301/1475/1301 1129/1291/1129
f  1301/1475/1301 1285/1456/1285 1129/1291/1129
f  1180/1344/1180 1192/1358/1192 1191/1357/1191
f  1180/1344/1180 1125/1287/1125 1192/1358/1192
f  1214/1380/1214 1311/1529/1311 1137/1299/1137
f  1311/1529/1311 1215/1381/1215 1238/1530/1238
f  1088/1250/1088 1141/1303/1141 1140/1302/1140
f  1096/1258/1096 1095/1257/1095 1088/1250/1088
f  1283/1454/1283 1343/1531/1343 1101/1263/1101
f  1338/1522/1338 1344/1532/1344 1314/1489/1314
f  1225/1391/1225 1148/1310/1148 1226/1392/1226
f  1345/1533/1345 1313/1488/1313 1208/1439/1208
f  1279/1450/1279 1135/1297/1135 1280/1451/1280
f  1135/1297/1135 1271/1440/1271 1136/1298/1136
f  1210/1376/1210 1310/1485/1310 1152/1314/1152
f  1152/1314/1152 1310/1485/1310 1157/1319/1157
f  1346/1534/1346 1171/1334/1171 1149/1311/1149
f  1347/1535/1347 1348/1536/1348 1270/1437/1270
f  1165/1327/1165 1349/1537/1349 1166/1328/1166
f  1185/1350/1185 1166/1352/1166 1262/1429/1262
f  1229/1538/1229 1169/1331/1169 1168/1330/1168
f  1140/1302/1140 1169/1331/1169 1350/1539/1350
f  1169/1331/1169 1229/1538/1229 1350/1539/1350
f  1140/1302/1140 1350/1539/1350 1331/1511/1331
f  1291/1464/1291 1340/1524/1340 1142/1304/1142
f  1192/1358/1192 1261/1428/1261 1249/1416/1249
f  1258/1425/1258 1277/1448/1277 1259/1426/1259
f  1268/1445/1268 1259/1426/1259 1277/1448/1277
f  1264/1431/1264 1216/1382/1216 1316/1491/1316
f  1130/1292/1130 1316/1491/1316 1131/1293/1131
f  1328/1506/1328 1142/1304/1142 1261/1428/1261
f  1249/1416/1249 1261/1428/1261 1142/1304/1142
f  1331/1511/1331 1350/1539/1350 1351/1540/1351
f  1320/1498/1320 1331/1511/1331 1351/1540/1351
f  1306/1480/1306 1201/1367/1201 1297/1470/1297
f  1297/1471/1297 1352/1541/1352 1298/1472/1298
f  1179/1343/1179 1219/1385/1219 1292/1465/1292
f  1220/1386/1220 1219/1385/1219 1179/1343/1179
f  1268/1445/1268 1277/1448/1277 1238/1405/1238
f  1238/1530/1238 1215/1381/1215 1269/1436/1269
f  1250/1521/1250 1187/1496/1187 1330/1510/1330
f  1250/1417/1250 1188/1354/1188 1187/1353/1187
f  1110/1272/1110 1228/1394/1228 1203/1369/1203
f  1109/1271/1109 1110/1272/1110 1203/1369/1203
f  1159/1321/1159 1262/1526/1262 1349/1537/1349
f  1349/1537/1349 1262/1526/1262 1166/1328/1166
f  1332/1512/1332 1256/1423/1256 1329/1507/1329
f  1325/1503/1325 1332/1512/1332 1329/1507/1329
f  1321/1497/1321 1086/1248/1086 1140/1302/1140
f  1234/1401/1234 1353/1542/1353 1236/1403/1236
f  1305/1479/1305 1184/1349/1184 1108/1270/1108
f  1305/1479/1305 1108/1270/1108 1304/1478/1304
f  1232/1399/1232 1242/1409/1242 1285/1456/1285
f  1285/1456/1285 1242/1409/1242 1244/1411/1244
f  1087/1249/1087 1096/1258/1096 1088/1250/1088
f  1087/1249/1087 1272/1441/1272 1096/1258/1096
f  1206/1372/1206 1122/1284/1122 1121/1283/1121
f  1206/1372/1206 1147/1309/1147 1122/1284/1122
f  1129/1291/1129 1244/1411/1244 1127/1289/1127
f  1129/1291/1129 1285/1456/1285 1244/1411/1244
f  1330/1510/1330 1251/1418/1251 1250/1521/1250
f  1089/1251/1089 1240/1407/1240 1251/1418/1251
f  1180/1344/1180 1181/1346/1181 1126/1288/1126
f  1306/1480/1306 1200/1366/1200 1082/1244/1082
f  1186/1351/1186 1354/1543/1354 1196/1362/1196
f  1262/1429/1262 1354/1543/1354 1186/1351/1186
f  1082/1244/1082 1081/1243/1081 1126/1288/1126
f  1306/1480/1306 1082/1244/1082 1126/1288/1126
f  1141/1303/1141 1088/1250/1088 1095/1257/1095
f  1141/1303/1141 1095/1257/1095 1307/1481/1307
f  1082/1244/1082 1200/1366/1200 1121/1283/1121
f  1121/1283/1121 1200/1366/1200 1205/1371/1205
f  1089/1251/1089 1330/1510/1330 1090/1252/1090
f  1330/1510/1330 1089/1251/1089 1251/1418/1251
f  1196/1544/1196 1115/1277/1115 1114/1276/1114
f  1085/1247/1085 1299/1509/1299 1300/1474/1300
f  1345/1533/1345 1355/1545/1355 1313/1488/1313
f  1171/1334/1171 1346/1534/1346 1356/1546/1356
f  1357/1547/1357 1358/1548/1358 1317/1492/1317
f  1303/1477/1303 1316/1491/1316 1317/1492/1317
f  1300/1474/1300 1114/1276/1114 1116/1278/1116
f  1114/1276/1114 1300/1474/1300 1299/1509/1299
f  1345/1533/1345 1171/1334/1171 1356/1546/1356
f  1208/1439/1208 1171/1334/1171 1345/1533/1345
f  1103/1265/1103 1284/1455/1284 1101/1263/1101
f  1101/1263/1101 1284/1455/1284 1283/1454/1283
f  1357/1547/1357 1288/1549/1288 1139/1301/1139
f  1357/1547/1357 1139/1301/1139 1358/1548/1358
f  1128/1290/1128 1085/1247/1085 1300/1474/1300
f  1085/1247/1085 1128/1290/1128 1322/1500/1322
f  1282/1453/1282 1230/1397/1230 1224/1390/1224
f  1222/1388/1222 1224/1390/1224 1230/1397/1230
f  1312/1487/1312 1311/1486/1311 1237/1404/1237
f  1311/1486/1311 1312/1487/1312 1287/1458/1287
f  1236/1403/1236 1353/1542/1353 1319/1550/1319
f  1187/1353/1187 1189/1355/1189 1319/1551/1319
f  1290/1461/1290 1180/1344/1180 1191/1357/1191
f  1182/1347/1182 1099/1261/1099 1290/1462/1290
f  1343/1531/1343 1315/1490/1315 1344/1532/1344
f  1315/1490/1315 1301/1475/1301 1344/1532/1344
f  1288/1459/1288 1287/1458/1287 1091/1253/1091
f  1304/1478/1304 1107/1269/1107 1287/1458/1287
f  1272/1441/1272 1293/1466/1293 1097/1259/1097
f  1293/1466/1293 1272/1441/1272 1177/1341/1177
f  1227/1393/1227 1231/1398/1231 1165/1327/1165
f  1165/1327/1165 1359/1552/1359 1227/1393/1227
f  1228/1394/1228 1287/1519/1287 1204/1370/1204
f  1311/1529/1311 1287/1519/1287 1137/1299/1137
f  1213/1379/1213 1177/1553/1177 1278/1449/1278
f  1177/1553/1177 1213/1379/1213 1178/1554/1178
f  1218/1384/1218 1243/1410/1243 1253/1420/1253
f  1253/1420/1253 1243/1410/1243 1255/1422/1255
f  1301/1475/1301 1300/1474/1300 1314/1489/1314
f  1314/1489/1314 1344/1532/1344 1301/1475/1301
f  1177/1553/1177 1272/1555/1272 1278/1449/1278
f  1272/1555/1272 1233/1400/1233 1278/1449/1278
f  1172/1335/1172 1199/1556/1199 1093/1255/1093
f  1199/1556/1199 1198/1557/1198 1360/1558/1360
f  1163/1325/1163 1118/1280/1118 1289/1460/1289
f  1173/1337/1173 1118/1280/1118 1163/1325/1163
f  1359/1552/1359 1165/1327/1165 1270/1437/1270
f  1348/1536/1348 1225/1391/1225 1270/1437/1270
f  1272/1555/1272 1087/1559/1087 1233/1400/1233
f  1233/1400/1233 1087/1559/1087 1086/1560/1086
f  1080/1242/1080 1121/1283/1121 1120/1282/1120
f  1113/1275/1113 1193/1359/1193 1133/1295/1133
f  1308/1482/1308 1193/1359/1193 1113/1275/1113
f  1149/1311/1149 1148/1310/1148 1348/1536/1348
f  1225/1391/1225 1348/1536/1348 1148/1310/1148
f  1205/1371/1205 1199/1365/1199 1207/1373/1207
f  1199/1365/1199 1205/1371/1205 1200/1366/1200
f  1273/1442/1273 1294/1561/1294 1210/1376/1210
f  1210/1376/1210 1294/1561/1294 1296/1562/1296
f  1197/1363/1197 1193/1359/1193 1308/1482/1308
f  1119/1281/1119 1186/1351/1186 1197/1363/1197
f  1258/1425/1258 1256/1423/1256 1332/1512/1332
f  1258/1425/1258 1257/1424/1257 1256/1423/1256
f  1083/1245/1083 1333/1513/1333 1084/1246/1084
f  1211/1514/1211 1084/1246/1084 1333/1513/1333
f  1106/1268/1106 1153/1315/1153 1104/1266/1104
f  1269/1436/1269 1104/1266/1104 1153/1315/1153
f  1252/1419/1252 1190/1563/1190 1250/1521/1250
f  1183/1348/1183 1191/1564/1191 1190/1563/1190
f  1361/1565/1361 1264/1431/1264 1316/1491/1316
f  1316/1491/1316 1303/1477/1303 1361/1565/1361
f  1081/1243/1081 1124/1286/1124 1126/1288/1126
f  1247/1414/1247 1329/1507/1329 1324/1502/1324
f  1324/1502/1324 1248/1415/1248 1247/1414/1247
f  1117/1279/1117 1289/1460/1289 1118/1280/1118
f  1349/1537/1349 1165/1327/1165 1263/1430/1263
f  1159/1321/1159 1349/1537/1349 1263/1430/1263
f  1264/1431/1264 1361/1565/1361 1219/1385/1219
f  1219/1385/1219 1217/1383/1217 1264/1431/1264
f  1356/1546/1356 1348/1536/1348 1347/1535/1347
f  1356/1546/1356 1355/1545/1355 1345/1533/1345
f  1271/1440/1271 1235/1402/1235 1136/1298/1136
f  1235/1402/1235 1236/1403/1236 1136/1298/1136
f  1248/1415/1248 1150/1312/1150 1149/1311/1149
f  1248/1415/1248 1149/1311/1149 1093/1255/1093
f  1284/1455/1284 1231/1398/1231 1232/1399/1232
f  1232/1399/1232 1285/1456/1285 1284/1455/1284
f  1132/1566/1132 1202/1368/1202 1130/1567/1130
f  1130/1292/1130 1337/1568/1337 1318/1493/1318
f  1322/1500/1322 1362/1569/1362 1363/1570/1363
f  1322/1500/1322 1127/1289/1127 1327/1505/1327
f  1223/1389/1223 1295/1468/1295 1224/1390/1224
f  1295/1468/1295 1223/1389/1223 1342/1571/1342
f  1123/1285/1123 1201/1572/1201 1098/1260/1098
f  1201/1572/1201 1352/1541/1352 1297/1471/1297
f  1362/1569/1362 1322/1500/1322 1327/1505/1327
f  1220/1386/1220 1362/1569/1362 1221/1387/1221
f  1167/1329/1167 1313/1488/1313 1270/1437/1270
f  1313/1488/1313 1355/1545/1355 1270/1437/1270
f  1100/1262/1100 1156/1318/1156 1155/1317/1155
f  1156/1318/1156 1100/1262/1100 1099/1261/1099
f  1203/1369/1203 1161/1323/1161 1339/1523/1339
f  1161/1323/1161 1274/1443/1274 1339/1523/1339
f  1221/1387/1221 1327/1505/1327 1217/1383/1217
f  1221/1387/1221 1362/1569/1362 1327/1505/1327
f  1342/1528/1342 1267/1434/1267 1157/1319/1157
f  1309/1483/1309 1259/1426/1259 1267/1446/1267
f  1100/1262/1100 1155/1317/1155 1123/1285/1123
f  1123/1285/1123 1352/1541/1352 1201/1572/1201
f  1228/1394/1228 1137/1299/1137 1287/1519/1287
f  1110/1272/1110 1137/1299/1137 1228/1394/1228
f  1211/1377/1211 1178/1554/1178 1213/1379/1213
f  1333/1513/1333 1178/1342/1178 1211/1514/1211
f  1136/1298/1136 1170/1333/1170 1134/1296/1134
f  1155/1317/1155 1154/1316/1154 1298/1472/1298
f  1154/1316/1154 1332/1512/1332 1298/1472/1298
f  1147/1309/1147 1164/1326/1164 1145/1307/1145
f  1288/1549/1288 1168/1330/1168 1139/1301/1139
f  1091/1253/1091 1168/1395/1168 1288/1459/1288
f  1097/1259/1097 1293/1466/1293 1292/1465/1292
f  1292/1465/1292 1266/1433/1266 1097/1259/1097
f  1241/1408/1241 1341/1527/1341 1133/1295/1133
f  1150/1312/1150 1336/1517/1336 1148/1310/1148
f  1245/1412/1245 1336/1517/1336 1150/1312/1150
f  1151/1313/1151 1274/1443/1274 1209/1375/1209
f  1273/1442/1273 1209/1375/1209 1274/1443/1274
f  1358/1548/1358 1303/1477/1303 1317/1492/1317
f  1303/1477/1303 1302/1476/1302 1265/1432/1265
f  1181/1346/1181 1306/1480/1306 1126/1288/1126
f  1201/1367/1201 1306/1480/1306 1181/1346/1181
f  1328/1506/1328 1143/1305/1143 1142/1304/1142
f  1138/1300/1138 1105/1267/1105 1104/1266/1104
f  1105/1267/1105 1138/1300/1138 1110/1272/1110
f  1101/1263/1101 1263/1430/1263 1102/1264/1102
f  1165/1327/1165 1102/1264/1102 1263/1430/1263
f  1249/1416/1249 1188/1354/1188 1250/1417/1250
f  1142/1304/1142 1188/1354/1188 1249/1416/1249
f  1174/1338/1174 1323/1501/1323 1147/1309/1147
f  1323/1501/1323 1163/1325/1163 1147/1309/1147
f  1216/1382/1216 1253/1420/1253 1131/1293/1131
f  1131/1293/1131 1316/1491/1316 1216/1382/1216
f  1153/1315/1153 1268/1435/1268 1269/1436/1269
f  1268/1435/1268 1238/1530/1238 1269/1436/1269
f  1220/1386/1220 1363/1570/1363 1362/1569/1362
f  1333/1513/1333 1083/1245/1083 1363/1570/1363
f  1117/1279/1117 1119/1281/1119 1308/1482/1308
f  1197/1363/1197 1308/1482/1308 1119/1281/1119
f  1132/1566/1132 1275/1444/1275 1160/1322/1160
f  1132/1566/1132 1160/1322/1160 1202/1368/1202
f  1309/1483/1309 1342/1571/1342 1223/1389/1223
f  1267/1446/1267 1342/1571/1342 1309/1483/1309
f  1363/1570/1363 1220/1386/1220 1333/1513/1333
f  1179/1343/1179 1333/1513/1333 1220/1386/1220
f  1196/1544/1196 1114/1276/1114 1299/1509/1299
f  1197/1363/1197 1196/1362/1196 1299/1473/1299
f  1255/1573/1255 1273/1442/1273 1275/1444/1275
f  1275/1444/1275 1132/1566/1132 1255/1573/1255
f  1240/1407/1240 1183/1348/1183 1252/1419/1252
f  1183/1348/1183 1190/1563/1190 1252/1419/1252
f  1257/1424/1257 1246/1413/1246 1245/1412/1245
f  1246/1413/1246 1257/1424/1257 1309/1483/1309
f  1356/1546/1356 1347/1535/1347 1355/1545/1355
f  1270/1437/1270 1355/1545/1355 1347/1535/1347
f  1290/1462/1290 1191/1564/1191 1182/1347/1182
f  1191/1564/1191 1183/1348/1183 1182/1347/1182
f  1130/1292/1130 1202/1574/1202 1337/1568/1337
f  1204/1370/1204 1337/1520/1337 1202/1368/1202
f  1215/1381/1215 1311/1529/1311 1214/1380/1214
f  1214/1380/1214 1138/1300/1138 1215/1381/1215
f  1343/1531/1343 1344/1532/1344 1338/1522/1338
f  1338/1522/1338 1116/1278/1116 1158/1320/1158
f  1127/1289/1127 1218/1384/1218 1326/1504/1326
f  1327/1505/1327 1127/1289/1127 1326/1504/1326
f  1239/1406/1239 1099/1261/1099 1184/1349/1184
f  1156/1318/1156 1099/1261/1099 1276/1447/1276
f  1302/1476/1302 1303/1477/1303 1358/1548/1358
f  1139/1301/1139 1302/1476/1302 1358/1548/1358
f  1086/1560/1086 1353/1542/1353 1234/1401/1234
f  1234/1401/1234 1233/1400/1233 1086/1560/1086
f  1363/1570/1363 1083/1245/1083 1322/1500/1322
f  1083/1245/1083 1085/1247/1085 1322/1500/1322
f  1238/1405/1238 1276/1447/1276 1239/1406/1239
f  1239/1406/1239 1276/1447/1276 1099/1261/1099
f  1318/1493/1318 1337/1568/1337 1286/1575/1286
f  1288/1549/1288 1357/1547/1357 1286/1575/1286
f  1297/1471/1297 1094/1256/1094 1198/1557/1198
f  1198/1557/1198 1094/1256/1094 1360/1558/1360
f  1211/1377/1211 1212/1378/1212 1195/1361/1195
f  1195/1361/1195 1212/1378/1212 1133/1295/1133
f  1318/1493/1318 1286/1575/1286 1357/1547/1357
f  1318/1493/1318 1357/1547/1357 1317/1492/1317
f  1156/1318/1156 1276/1447/1276 1281/1452/1281
f  1154/1316/1154 1156/1318/1156 1281/1452/1281
f  1343/1531/1343 1158/1320/1158 1101/1263/1101
f  1338/1522/1338 1158/1320/1158 1343/1531/1343
f  1091/1253/1091 1107/1269/1107 1089/1251/1089
f  1107/1269/1107 1091/1253/1091 1287/1458/1287
f  1231/1398/1231 1284/1455/1284 1103/1265/1103
f  1231/1398/1231 1103/1265/1103 1102/1264/1102
f  1294/1561/1294 1273/1442/1273 1254/1576/1254
f  1254/1576/1254 1273/1442/1273 1255/1573/1255
f  1236/1403/1236 1189/1525/1189 1136/1298/1136
f  1189/1525/1189 1236/1403/1236 1319/1550/1319
f  1184/1349/1184 1240/1407/1240 1108/1270/1108
f  1108/1270/1108 1240/1407/1240 1089/1251/1089
f  1302/1476/1302 1307/1481/1307 1265/1432/1265
f  1265/1432/1265 1307/1481/1307 1095/1257/1095
f  1310/1485/1310 1210/1376/1210 1296/1562/1296
f  1296/1562/1296 1295/1484/1295 1310/1485/1310
f  1360/1558/1360 1093/1255/1093 1199/1556/1199
f  1094/1256/1094 1093/1255/1093 1360/1558/1360
f  1351/1540/1351 1350/1539/1350 1229/1538/1229
f  1090/1252/1090 1229/1396/1229 1091/1253/1091
f  1312/1487/1312 1304/1478/1304 1287/1458/1287
f  1312/1487/1312 1305/1479/1305 1304/1478/1304
f  1233/1400/1233 1271/1440/1271 1279/1450/1279
f  1135/1297/1135 1279/1450/1279 1271/1440/1271
f  1352/1541/1352 1123/1285/1123 1155/1317/1155
f  1155/1317/1155 1298/1472/1298 1352/1541/1352
f  1222/1388/1222 1227/1393/1227 1334/1515/1334
f  1334/1515/1334 1245/1412/1245 1222/1388/1222
f  1199/1556/1199 1172/1335/1172 1207/1438/1207
f  1172/1335/1172 1171/1334/1171 1207/1438/1207
f  1109/1271/1109 1151/1313/1151 1106/1268/1106
f  1153/1315/1153 1106/1268/1106 1151/1313/1151
f  1315/1490/1315 1343/1531/1343 1283/1454/1283
f  1283/1454/1283 1285/1456/1285 1315/1490/1315
f  1353/1577/1353 1321/1497/1321 1319/1499/1319
f  1353/1577/1353 1086/1248/1086 1321/1497/1321
f  1247/1414/1247 1093/1255/1093 1092/1254/1092
f  1325/1503/1325 1247/1414/1247 1092/1254/1092
f  1340/1524/1340 1188/1354/1188 1142/1304/1142
f  1188/1354/1188 1340/1524/1340 1189/1355/1189
f  1270/1437/1270 1225/1391/1225 1359/1552/1359
f  1359/1552/1359 1225/1391/1225 1227/1393/1227
f  1090/1252/1090 1351/1578/1351 1229/1396/1229
f  1351/1578/1351 1090/1252/1090 1320/1495/1320
f  1262/1526/1262 1115/1277/1115 1354/1579/1354
f  1354/1579/1354 1115/1277/1115 1196/1544/1196
f  1266/1433/1266 1219/1385/1219 1361/1565/1361
f  1266/1433/1266 1361/1565/1361 1303/1477/1303
f  1346/1534/1346 1149/1311/1149 1348/1536/1348
f  1356/1546/1356 1346/1534/1346 1348/1536/1348
f  1162/1324/1162 1203/1369/1203 1202/1368/1202
f  1162/1324/1162 1161/1323/1161 1203/1369/1203

# Mesh 'CandleIntWick_low_CandleIntWick_low' with 324 faces
g CandleIntWick_low_CandleIntWick_low
usemtl Candles1
f  1364/1580/1364 1365/1581/1365 1366/1582/1366
f  1366/1582/1366 1367/1583/1367 1364/1580/1364
f  1367/1583/1367 1366/1582/1366 1368/1584/1368
f  1368/1584/1368 1369/1585/1369 1367/1583/1367
f  1369/1585/1369 1368/1584/1368 1370/1586/1370
f  1370/1586/1370 1371/1587/1371 1369/1585/1369
f  1371/1587/1371 1370/1586/1370 1372/1588/1372
f  1372/1588/1372 1373/1589/1373 1371/1587/1371
f  1373/1589/1373 1372/1588/1372 1374/1590/1374
f  1374/1590/1374 1375/1591/1375 1373/1589/1373
f  1375/1591/1375 1374/1590/1374 1376/1592/1376
f  1376/1592/1376 1377/1593/1377 1375/1591/1375
f  1377/1593/1377 1376/1592/1376 1378/1594/1378
f  1378/1594/1378 1379/1595/1379 1377/1593/1377
f  1379/1595/1379 1378/1594/1378 1380/1596/1380
f  1380/1596/1380 1381/1597/1381 1379/1595/1379
f  1381/1597/1381 1380/1596/1380 1382/1598/1382
f  1382/1598/1382 1383/1599/1383 1381/1597/1381
f  1383/1599/1383 1382/1598/1382 1384/1600/1384
f  1384/1600/1384 1385/1601/1385 1383/1599/1383
f  1385/1601/1385 1384/1600/1384 1386/1602/1386
f  1386/1602/1386 1387/1603/1387 1385/1601/1385
f  1387/1604/1387 1386/1605/1386 1365/1581/1365
f  1365/1581/1365 1364/1580/1364 1387/1604/1387
f  1388/1606/1388 1364/1580/1364 1367/1583/1367
f  1367/1583/1367 1389/1607/1389 1388/1606/1388
f  1389/1607/1389 1367/1583/1367 1369/1585/1369
f  1369/1585/1369 1390/1608/1390 1389/1607/1389
f  1390/1608/1390 1369/1585/1369 1371/1587/1371
f  1371/1587/1371 1391/1609/1391 1390/1608/1390
f  1391/1609/1391 1371/1587/1371 1373/1589/1373
f  1373/1589/1373 1392/1610/1392 1391/1609/1391
f  1392/1610/1392 1373/1589/1373 1375/1591/1375
f  1375/1591/1375 1393/1611/1393 1392/1610/1392
f  1393/1611/1393 1375/1591/1375 1377/1593/1377
f  1377/1593/1377 1394/1612/1394 1393/1611/1393
f  1394/1612/1394 1377/1593/1377 1379/1595/1379
f  1379/1595/1379 1395/1613/1395 1394/1612/1394
f  1395/1613/1395 1379/1595/1379 1381/1597/1381
f  1381/1597/1381 1396/1614/1396 1395/1613/1395
f  1396/1614/1396 1381/1597/1381 1383/1599/1383
f  1383/1599/1383 1397/1615/1397 1396/1614/1396
f  1397/1615/1397 1383/1599/1383 1385/1601/1385
f  1385/1601/1385 1398/1616/1398 1397/1615/1397
f  1398/1616/1398 1385/1601/1385 1387/1603/1387
f  1387/1603/1387 1399/1617/1399 1398/1616/1398
f  1399/1618/1399 1387/1604/1387 1364/1580/1364
f  1364/1580/1364 1388/1606/1388 1399/1618/1399
f  1400/1619/1400 1388/1606/1388 1389/1607/1389
f  1389/1607/1389 1401/1620/1401 1400/1619/1400
f  1401/1620/1401 1389/1607/1389 1390/1608/1390
f  1390/1608/1390 1402/1621/1402 1401/1620/1401
f  1402/1621/1402 1390/1608/1390 1391/1609/1391
f  1391/1609/1391 1403/1622/1403 1402/1621/1402
f  1403/1622/1403 1391/1609/1391 1392/1610/1392
f  1392/1610/1392 1404/1623/1404 1403/1622/1403
f  1404/1623/1404 1392/1610/1392 1393/1611/1393
f  1393/1611/1393 1405/1624/1405 1404/1623/1404
f  1405/1624/1405 1393/1611/1393 1394/1612/1394
f  1394/1612/1394 1406/1625/1406 1405/1624/1405
f  1406/1625/1406 1394/1612/1394 1395/1613/1395
f  1395/1613/1395 1407/1626/1407 1406/1625/1406
f  1407/1626/1407 1395/1613/1395 1396/1614/1396
f  1396/1614/1396 1408/1627/1408 1407/1626/1407
f  1408/1627/1408 1396/1614/1396 1397/1615/1397
f  1397/1615/1397 1409/1628/1409 1408/1627/1408
f  1409/1628/1409 1397/1615/1397 1398/1616/1398
f  1398/1616/1398 1410/1629/1410 1409/1628/1409
f  1410/1629/1410 1398/1616/1398 1399/1617/1399
f  1399/1617/1399 1411/1630/1411 1410/1629/1410
f  1411/1631/1411 1399/1618/1399 1388/1606/1388
f  1388/1606/1388 1400/1619/1400 1411/1631/1411
f  1412/1632/1412 1400/1619/1400 1401/1620/1401
f  1401/1620/1401 1413/1633/1413 1412/1632/1412
f  1413/1633/1413 1401/1620/1401 1402/1621/1402
f  1402/1621/1402 1414/1634/1414 1413/1633/1413
f  1414/1634/1414 1402/1621/1402 1403/1622/1403
f  1403/1622/1403 1415/1635/1415 1414/1634/1414
f  1415/1635/1415 1403/1622/1403 1404/1623/1404
f  1404/1623/1404 1416/1636/1416 1415/1635/1415
f  1416/1636/1416 1404/1623/1404 1405/1624/1405
f  1405/1624/1405 1417/1637/1417 1416/1636/1416
f  1417/1637/1417 1405/1624/1405 1406/1625/1406
f  1406/1625/1406 1418/1638/1418 1417/1637/1417
f  1418/1638/1418 1406/1625/1406 1407/1626/1407
f  1407/1626/1407 1419/1639/1419 1418/1638/1418
f  1419/1639/1419 1407/1626/1407 1408/1627/1408
f  1408/1627/1408 1420/1640/1420 1419/1639/1419
f  1420/1640/1420 1408/1627/1408 1409/1628/1409
f  1409/1628/1409 1421/1641/1421 1420/1640/1420
f  1421/1641/1421 1409/1628/1409 1410/1629/1410
f  1410/1629/1410 1422/1642/1422 1421/1641/1421
f  1422/1642/1422 1410/1629/1410 1411/1630/1411
f  1411/1630/1411 1423/1643/1423 1422/1642/1422
f  1423/1644/1423 1411/1631/1411 1400/1619/1400
f  1400/1619/1400 1412/1632/1412 1423/1644/1423
f  1424/1645/1424 1412/1632/1412 1413/1633/1413
f  1413/1633/1413 1425/1646/1425 1424/1645/1424
f  1425/1646/1425 1413/1633/1413 1414/1634/1414
f  1414/1634/1414 1426/1647/1426 1425/1646/1425
f  1426/1647/1426 1414/1634/1414 1415/1635/1415
f  1415/1635/1415 1427/1648/1427 1426/1647/1426
f  1427/1648/1427 1415/1635/1415 1416/1636/1416
f  1416/1636/1416 1428/1649/1428 1427/1648/1427
f  1428/1649/1428 1416/1636/1416 1417/1637/1417
f  1417/1637/1417 1429/1650/1429 1428/1649/1428
f  1429/1650/1429 1417/1637/1417 1418/1638/1418
f  1418/1638/1418 1430/1651/1430 1429/1650/1429
f  1430/1651/1430 1418/1638/1418 1419/1639/1419
f  1419/1639/1419 1431/1652/1431 1430/1651/1430
f  1431/1652/1431 1419/1639/1419 1420/1640/1420
f  1420/1640/1420 1432/1653/1432 1431/1652/1431
f  1432/1653/1432 1420/1640/1420 1421/1641/1421
f  1421/1641/1421 1433/1654/1433 1432/1653/1432
f  1433/1654/1433 1421/1641/1421 1422/1642/1422
f  1422/1642/1422 1434/1655/1434 1433/1654/1433
f  1434/1655/1434 1422/1642/1422 1423/1643/1423
f  1423/1643/1423 1435/1656/1435 1434/1655/1434
f  1435/1657/1435 1423/1644/1423 1412/1632/1412
f  1412/1632/1412 1424/1645/1424 1435/1657/1435
f  1436/1658/1436 1424/1645/1424 1425/1646/1425
f  1425/1646/1425 1437/1659/1437 1436/1658/1436
f  1437/1659/1437 1425/1646/1425 1426/1647/1426
f  1426/1647/1426 1438/1660/1438 1437/1659/1437
f  1438/1660/1438 1426/1647/1426 1427/1648/1427
f  1427/1648/1427 1439/1661/1439 1438/1660/1438
f  1439/1661/1439 1427/1648/1427 1428/1649/1428
f  1428/1649/1428 1440/1662/1440 1439/1661/1439
f  1440/1662/1440 1428/1649/1428 1429/1650/1429
f  1429/1650/1429 1441/1663/1441 1440/1662/1440
f  1441/1663/1441 1429/1650/1429 1430/1651/1430
f  1430/1651/1430 1442/1664/1442 1441/1663/1441
f  1442/1664/1442 1430/1651/1430 1431/1652/1431
f  1431/1652/1431 1443/1665/1443 1442/1664/1442
f  1443/1665/1443 1431/1652/1431 1432/1653/1432
f  1432/1653/1432 1444/1666/1444 1443/1665/1443
f  1444/1666/1444 1432/1653/1432 1433/1654/1433
f  1433/1654/1433 1445/1667/1445 1444/1666/1444
f  1445/1667/1445 1433/1654/1433 1434/1655/1434
f  1434/1655/1434 1446/1668/1446 1445/1667/1445
f  1446/1668/1446 1434/1655/1434 1435/1656/1435
f  1435/1656/1435 1447/1669/1447 1446/1668/1446
f  1447/1670/1447 1435/1657/1435 1424/1645/1424
f  1424/1645/1424 1436/1658/1436 1447/1670/1447
f  1448/1671/1448 1436/1658/1436 1437/1659/1437
f  1437/1659/1437 1449/1672/1449 1448/1671/1448
f  1449/1672/1449 1437/1659/1437 1438/1660/1438
f  1438/1660/1438 1450/1673/1450 1449/1672/1449
f  1450/1673/1450 1438/1660/1438 1439/1661/1439
f  1439/1661/1439 1451/1674/1451 1450/1673/1450
f  1451/1674/1451 1439/1661/1439 1440/1662/1440
f  1440/1662/1440 1452/1675/1452 1451/1674/1451
f  1452/1675/1452 1440/1662/1440 1441/1663/1441
f  1441/1663/1441 1453/1676/1453 1452/1675/1452
f  1453/1676/1453 1441/1663/1441 1442/1664/1442
f  1442/1664/1442 1454/1677/1454 1453/1676/1453
f  1454/1677/1454 1442/1664/1442 1443/1665/1443
f  1443/1665/1443 1455/1678/1455 1454/1677/1454
f  1455/1678/1455 1443/1665/1443 1444/1666/1444
f  1444/1666/1444 1456/1679/1456 1455/1678/1455
f  1456/1679/1456 1444/1666/1444 1445/1667/1445
f  1445/1667/1445 1457/1680/1457 1456/1679/1456
f  1457/1680/1457 1445/1667/1445 1446/1668/1446
f  1446/1668/1446 1458/1681/1458 1457/1680/1457
f  1458/1681/1458 1446/1668/1446 1447/1669/1447
f  1447/1669/1447 1459/1682/1459 1458/1681/1458
f  1459/1683/1459 1447/1670/1447 1436/1658/1436
f  1436/1658/1436 1448/1671/1448 1459/1683/1459
f  1460/1684/1460 1448/1671/1448 1449/1672/1449
f  1449/1672/1449 1461/1685/1461 1460/1684/1460
f  1461/1685/1461 1449/1672/1449 1450/1673/1450
f  1450/1673/1450 1462/1686/1462 1461/1685/1461
f  1462/1686/1462 1450/1673/1450 1451/1674/1451
f  1451/1674/1451 1463/1687/1463 1462/1686/1462
f  1463/1687/1463 1451/1674/1451 1452/1675/1452
f  1452/1675/1452 1464/1688/1464 1463/1687/1463
f  1464/1688/1464 1452/1675/1452 1453/1676/1453
f  1453/1676/1453 1465/1689/1465 1464/1688/1464
f  1465/1689/1465 1453/1676/1453 1454/1677/1454
f  1454/1677/1454 1466/1690/1466 1465/1689/1465
f  1466/1690/1466 1454/1677/1454 1455/1678/1455
f  1455/1678/1455 1467/1691/1467 1466/1690/1466
f  1467/1691/1467 1455/1678/1455 1456/1679/1456
f  1456/1679/1456 1468/1692/1468 1467/1691/1467
f  1468/1692/1468 1456/1679/1456 1457/1680/1457
f  1457/1680/1457 1469/1693/1469 1468/1692/1468
f  1469/1693/1469 1457/1680/1457 1458/1681/1458
f  1458/1681/1458 1470/1694/1470 1469/1693/1469
f  1470/1694/1470 1458/1681/1458 1459/1682/1459
f  1459/1682/1459 1471/1695/1471 1470/1694/1470
f  1471/1696/1471 1459/1683/1459 1448/1671/1448
f  1448/1671/1448 1460/1684/1460 1471/1696/1471
f  1472/1697/1472 1460/1684/1460 1461/1685/1461
f  1461/1685/1461 1473/1698/1473 1472/1697/1472
f  1473/1698/1473 1461/1685/1461 1462/1686/1462
f  1462/1686/1462 1474/1699/1474 1473/1698/1473
f  1474/1699/1474 1462/1686/1462 1463/1687/1463
f  1463/1687/1463 1475/1700/1475 1474/1699/1474
f  1475/1700/1475 1463/1687/1463 1464/1688/1464
f  1464/1688/1464 1476/1701/1476 1475/1700/1475
f  1476/1701/1476 1464/1688/1464 1465/1689/1465
f  1465/1689/1465 1477/1702/1477 1476/1701/1476
f  1477/1702/1477 1465/1689/1465 1466/1690/1466
f  1466/1690/1466 1478/1703/1478 1477/1702/1477
f  1478/1703/1478 1466/1690/1466 1467/1691/1467
f  1467/1691/1467 1479/1704/1479 1478/1703/1478
f  1479/1704/1479 1467/1691/1467 1468/1692/1468
f  1468/1692/1468 1480/1705/1480 1479/1704/1479
f  1480/1705/1480 1468/1692/1468 1469/1693/1469
f  1469/1693/1469 1481/1706/1481 1480/1705/1480
f  1481/1706/1481 1469/1693/1469 1470/1694/1470
f  1470/1694/1470 1482/1707/1482 1481/1706/1481
f  1482/1707/1482 1470/1694/1470 1471/1695/1471
f  1471/1695/1471 1483/1708/1483 1482/1707/1482
f  1483/1709/1483 1471/1696/1471 1460/1684/1460
f  1460/1684/1460 1472/1697/1472 1483/1709/1483
f  1484/1710/1484 1472/1697/1472 1473/1698/1473
f  1473/1698/1473 1485/1711/1485 1484/1710/1484
f  1485/1711/1485 1473/1698/1473 1474/1699/1474
f  1474/1699/1474 1486/1712/1486 1485/1711/1485
f  1486/1712/1486 1474/1699/1474 1475/1700/1475
f  1475/1700/1475 1487/1713/1487 1486/1712/1486
f  1487/1713/1487 1475/1700/1475 1476/1701/1476
f  1476/1701/1476 1488/1714/1488 1487/1713/1487
f  1488/1714/1488 1476/1701/1476 1477/1702/1477
f  1477/1702/1477 1489/1715/1489 1488/1714/1488
f  1489/1715/1489 1477/1702/1477 1478/1703/1478
f  1478/1703/1478 1490/1716/1490 1489/1715/1489
f  1490/1716/1490 1478/1703/1478 1479/1704/1479
f  1479/1704/1479 1491/1717/1491 1490/1716/1490
f  1491/1717/1491 1479/1704/1479 1480/1705/1480
f  1480/1705/1480 1492/1718/1492 1491/1717/1491
f  1492/1718/1492 1480/1705/1480 1481/1706/1481
f  1481/1706/1481 1493/1719/1493 1492/1718/1492
f  1493/1719/1493 1481/1706/1481 1482/1707/1482
f  1482/1707/1482 1494/1720/1494 1493/1719/1493
f  1494/1720/1494 1482/1707/1482 1483/1708/1483
f  1483/1708/1483 1495/1721/1495 1494/1720/1494
f  1495/1722/1495 1483/1709/1483 1472/1697/1472
f  1472/1697/1472 1484/1710/1484 1495/1722/1495
f  1496/1723/1496 1484/1710/1484 1485/1711/1485
f  1485/1711/1485 1497/1724/1497 1496/1723/1496
f  1497/1724/1497 1485/1711/1485 1486/1712/1486
f  1486/1712/1486 1498/1725/1498 1497/1724/1497
f  1498/1725/1498 1486/1712/1486 1487/1713/1487
f  1487/1713/1487 1499/1726/1499 1498/1725/1498
f  1499/1726/1499 1487/1713/1487 1488/1714/1488
f  1488/1714/1488 1500/1727/1500 1499/1726/1499
f  1500/1727/1500 1488/1714/1488 1489/1715/1489
f  1489/1715/1489 1501/1728/1501 1500/1727/1500
f  1501/1728/1501 1489/1715/1489 1490/1716/1490
f  1490/1716/1490 1502/1729/1502 1501/1728/1501
f  1502/1729/1502 1490/1716/1490 1491/1717/1491
f  1491/1717/1491 1503/1730/1503 1502/1729/1502
f  1503/1730/1503 1491/1717/1491 1492/1718/1492
f  1492/1718/1492 1504/1731/1504 1503/1730/1503
f  1504/1731/1504 1492/1718/1492 1493/1719/1493
f  1493/1719/1493 1505/1732/1505 1504/1731/1504
f  1505/1732/1505 1493/1719/1493 1494/1720/1494
f  1494/1720/1494 1506/1733/1506 1505/1732/1505
f  1506/1733/1506 1494/1720/1494 1495/1721/1495
f  1495/1721/1495 1507/1734/1507 1506/1733/1506
f  1507/1735/1507 1495/1722/1495 1484/1710/1484
f  1484/1710/1484 1496/1723/1496 1507/1735/1507
f  1508/1736/1508 1509/1737/1509 1510/1738/1510
f  1510/1738/1510 1511/1739/1511 1508/1736/1508
f  1512/1740/1512 1510/1741/1510 1509/1737/1509
f  1509/1737/1509 1513/1742/1513 1512/1740/1512
f  1514/1743/1514 1512/1744/1512 1513/1742/1513
f  1513/1742/1513 1515/1745/1515 1514/1743/1514
f  1516/1746/1516 1514/1747/1514 1515/1745/1515
f  1515/1745/1515 1517/1748/1517 1516/1746/1516
f  1518/1749/1518 1516/1750/1516 1517/1748/1517
f  1517/1748/1517 1519/1751/1519 1518/1749/1518
f  1520/1752/1520 1518/1753/1518 1519/1751/1519
f  1519/1751/1519 1521/1754/1521 1520/1752/1520
f  1522/1755/1522 1520/1756/1520 1521/1754/1521
f  1521/1754/1521 1523/1757/1523 1522/1755/1522
f  1524/1758/1524 1522/1759/1522 1523/1757/1523
f  1523/1757/1523 1525/1760/1525 1524/1758/1524
f  1526/1761/1526 1524/1762/1524 1525/1760/1525
f  1525/1760/1525 1527/1763/1527 1526/1761/1526
f  1528/1764/1528 1526/1765/1526 1527/1763/1527
f  1527/1763/1527 1529/1766/1529 1528/1764/1528
f  1530/1767/1530 1528/1768/1528 1529/1766/1529
f  1529/1766/1529 1531/1769/1531 1530/1767/1530
f  1511/1770/1511 1530/1771/1530 1531/1769/1531
f  1531/1769/1531 1508/1772/1508 1511/1770/1511
f  1509/1737/1509 1496/1723/1496 1497/1724/1497
f  1497/1724/1497 1513/1742/1513 1509/1737/1509
f  1513/1742/1513 1497/1724/1497 1498/1725/1498
f  1498/1725/1498 1515/1745/1515 1513/1742/1513
f  1515/1745/1515 1498/1725/1498 1499/1726/1499
f  1499/1726/1499 1517/1748/1517 1515/1745/1515
f  1517/1748/1517 1499/1726/1499 1500/1727/1500
f  1500/1727/1500 1519/1751/1519 1517/1748/1517
f  1519/1751/1519 1500/1727/1500 1501/1728/1501
f  1501/1728/1501 1521/1754/1521 1519/1751/1519
f  1521/1754/1521 1501/1728/1501 1502/1729/1502
f  1502/1729/1502 1523/1757/1523 1521/1754/1521
f  1523/1757/1523 1502/1729/1502 1503/1730/1503
f  1503/1730/1503 1525/1760/1525 1523/1757/1523
f  1525/1760/1525 1503/1730/1503 1504/1731/1504
f  1504/1731/1504 1527/1763/1527 1525/1760/1525
f  1527/1763/1527 1504/1731/1504 1505/1732/1505
f  1505/1732/1505 1529/1766/1529 1527/1763/1527
f  1529/1766/1529 1505/1732/1505 1506/1733/1506
f  1506/1733/1506 1531/1769/1531 1529/1766/1529
f  1531/1769/1531 1506/1733/1506 1507/1734/1507
f  1507/1734/1507 1508/1772/1508 1531/1769/1531
f  1508/1736/1508 1507/1735/1507 1496/1723/1496
f  1496/1723/1496 1509/1737/1509 1508/1736/1508
f  1510/1773/1510 1512/1774/1512 1532/1775/1532
f  1512/1774/1512 1514/1776/1514 1532/1775/1532
f  1514/1776/1514 1516/1777/1516 1532/1775/1532
f  1516/1777/1516 1518/1778/1518 1532/1775/1532
f  1518/1778/1518 1520/1779/1520 1532/1775/1532
f  1520/1779/1520 1522/1780/1522 1532/1775/1532
f  1522/1780/1522 1524/1781/1524 1532/1775/1532
f  1524/1781/1524 1526/1782/1526 1532/1775/1532
f  1526/1782/1526 1528/1783/1528 1532/1775/1532
f  1528/1783/1528 1530/1784/1530 1532/1775/1532
f  1530/1784/1530 1511/1785/1511 1532/1775/1532
f  1511/1785/1511 1510/1773/1510 1532/1775/1532

